dataset,metric,kind,unit,magnitude,n_healthy,n_drift,healthy_mean,healthy_std,drift_mean,tau_single,tpr_single,fpr_single,auc_single,window,tau_window,tpr_window,nan_frac_drift
kitti,align_contrast,roll,deg,0.25,20,40,0.11242,0.042511,0.10511,0.050422,0.075,0.05,0.5425,5,0.081607,0.0975,0
kitti,align_contrast,roll,deg,0.5,20,40,0.11242,0.042511,0.097018,0.050422,0.05,0.05,0.58625,5,0.081607,0.1825,0
kitti,align_contrast,roll,deg,1,20,40,0.11242,0.042511,0.077039,0.050422,0.225,0.05,0.72,5,0.081607,0.5945,0
kitti,align_contrast,roll,deg,1.5,20,40,0.11242,0.042511,0.064238,0.050422,0.4,0.05,0.79375,5,0.081607,0.8505,0
kitti,align_contrast,roll,deg,2,20,40,0.11242,0.042511,0.05209,0.050422,0.525,0.05,0.85875,5,0.081607,0.969,0
kitti,align_contrast,roll,deg,3,20,40,0.11242,0.042511,0.038855,0.050422,0.6,0.05,0.89875,5,0.081607,0.9935,0
kitti,align_contrast,pitch,deg,0.25,20,40,0.11242,0.042511,0.094936,0.050422,0.05,0.05,0.6075,5,0.081607,0.231,0
kitti,align_contrast,pitch,deg,0.5,20,40,0.11242,0.042511,0.071345,0.050422,0.3,0.05,0.76375,5,0.081607,0.7315,0
kitti,align_contrast,pitch,deg,1,20,40,0.11242,0.042511,0.045181,0.050422,0.65,0.05,0.88625,5,0.081607,0.9895,0
kitti,align_contrast,pitch,deg,1.5,20,40,0.11242,0.042511,0.032176,0.050422,0.725,0.05,0.91125,5,0.081607,0.998,0
kitti,align_contrast,pitch,deg,2,20,40,0.11242,0.042511,0.020664,0.050422,0.8,0.05,0.94625,5,0.081607,0.9995,0
kitti,align_contrast,pitch,deg,3,20,40,0.11242,0.042511,-0.012725,0.050422,0.975,0.05,0.99375,5,0.081607,1,0
kitti,align_contrast,yaw,deg,0.25,20,40,0.11242,0.042511,0.10445,0.050422,0.05,0.05,0.5525,5,0.081607,0.1085,0
kitti,align_contrast,yaw,deg,0.5,20,40,0.11242,0.042511,0.087088,0.050422,0.25,0.05,0.66,5,0.081607,0.4035,0
kitti,align_contrast,yaw,deg,1,20,40,0.11242,0.042511,0.065452,0.050422,0.4,0.05,0.765,5,0.081607,0.786,0
kitti,align_contrast,yaw,deg,1.5,20,40,0.11242,0.042511,0.04858,0.050422,0.575,0.05,0.825,5,0.081607,0.925,0
kitti,align_contrast,yaw,deg,2,20,40,0.11242,0.042511,0.035595,0.050422,0.7,0.05,0.88,5,0.081607,0.9815,0
kitti,align_contrast,yaw,deg,3,20,40,0.11242,0.042511,0.02384,0.050422,0.725,0.05,0.9175,5,0.081607,0.9975,0
kitti,align_contrast,tx,cm,2,20,40,0.11242,0.042511,0.11306,0.050422,0.1,0.05,0.49,5,0.081607,0.055,0
kitti,align_contrast,tx,cm,5,20,40,0.11242,0.042511,0.11252,0.050422,0.075,0.05,0.50125,5,0.081607,0.0605,0
kitti,align_contrast,tx,cm,10,20,40,0.11242,0.042511,0.10819,0.050422,0.075,0.05,0.5225,5,0.081607,0.0695,0
kitti,align_contrast,tx,cm,20,20,40,0.11242,0.042511,0.096666,0.050422,0.075,0.05,0.6,5,0.081607,0.1955,0
kitti,align_contrast,ty,cm,2,20,40,0.11242,0.042511,0.11212,0.050422,0.075,0.05,0.50812,5,0.081607,0.0555,0
kitti,align_contrast,ty,cm,5,20,40,0.11242,0.042511,0.10791,0.050422,0.1,0.05,0.5325,5,0.081607,0.0775,0
kitti,align_contrast,ty,cm,10,20,40,0.11242,0.042511,0.095597,0.050422,0.15,0.05,0.605,5,0.081607,0.2515,0
kitti,align_contrast,ty,cm,20,20,40,0.11242,0.042511,0.071008,0.050422,0.3,0.05,0.74625,5,0.081607,0.724,0
kitti,align_contrast,tz,cm,2,20,40,0.11242,0.042511,0.1062,0.050422,0.075,0.05,0.54625,5,0.081607,0.078,0
kitti,align_contrast,tz,cm,5,20,40,0.11242,0.042511,0.098046,0.050422,0.125,0.05,0.58625,5,0.081607,0.1825,0
kitti,align_contrast,tz,cm,10,20,40,0.11242,0.042511,0.07705,0.050422,0.175,0.05,0.73125,5,0.081607,0.595,0
kitti,align_contrast,tz,cm,20,20,40,0.11242,0.042511,0.06019,0.050422,0.575,0.05,0.8175,5,0.081607,0.864,0
kitti,align_score,roll,deg,0.25,20,40,0.53943,0.079255,0.53305,0.41894,0.1,0.05,0.5275,5,0.47994,0.07,0
kitti,align_score,roll,deg,0.5,20,40,0.53943,0.079255,0.52481,0.41894,0.125,0.05,0.57125,5,0.47994,0.1015,0
kitti,align_score,roll,deg,1,20,40,0.53943,0.079255,0.50566,0.41894,0.175,0.05,0.61875,5,0.47994,0.2465,0
kitti,align_score,roll,deg,1.5,20,40,0.53943,0.079255,0.48918,0.41894,0.225,0.05,0.6675,5,0.47994,0.42,0
kitti,align_score,roll,deg,2,20,40,0.53943,0.079255,0.47488,0.41894,0.225,0.05,0.7025,5,0.47994,0.5415,0
kitti,align_score,roll,deg,3,20,40,0.53943,0.079255,0.4587,0.41894,0.35,0.05,0.745,5,0.47994,0.6795,0
kitti,align_score,pitch,deg,0.25,20,40,0.53943,0.079255,0.52253,0.41894,0.125,0.05,0.57,5,0.47994,0.1305,0
kitti,align_score,pitch,deg,0.5,20,40,0.53943,0.079255,0.49921,0.41894,0.175,0.05,0.6425,5,0.47994,0.287,0
kitti,align_score,pitch,deg,1,20,40,0.53943,0.079255,0.46844,0.41894,0.35,0.05,0.725,5,0.47994,0.595,0
kitti,align_score,pitch,deg,1.5,20,40,0.53943,0.079255,0.44748,0.41894,0.45,0.05,0.7825,5,0.47994,0.8045,0
kitti,align_score,pitch,deg,2,20,40,0.53943,0.079255,0.43297,0.41894,0.475,0.05,0.80125,5,0.47994,0.8735,0
kitti,align_score,pitch,deg,3,20,40,0.53943,0.079255,0.39851,0.41894,0.55,0.05,0.8475,5,0.47994,0.95,0
kitti,align_score,yaw,deg,0.25,20,40,0.53943,0.079255,0.53141,0.41894,0.075,0.05,0.52875,5,0.47994,0.0635,0
kitti,align_score,yaw,deg,0.5,20,40,0.53943,0.079255,0.51361,0.41894,0.1,0.05,0.595,5,0.47994,0.1715,0
kitti,align_score,yaw,deg,1,20,40,0.53943,0.079255,0.49166,0.41894,0.175,0.05,0.6775,5,0.47994,0.361,0
kitti,align_score,yaw,deg,1.5,20,40,0.53943,0.079255,0.47671,0.41894,0.25,0.05,0.7225,5,0.47994,0.535,0
kitti,align_score,yaw,deg,2,20,40,0.53943,0.079255,0.46808,0.41894,0.3,0.05,0.7525,5,0.47994,0.625,0
kitti,align_score,yaw,deg,3,20,40,0.53943,0.079255,0.45866,0.41894,0.35,0.05,0.77375,5,0.47994,0.7215,0
kitti,align_score,tx,cm,2,20,40,0.53943,0.079255,0.53969,0.41894,0.05,0.05,0.49125,5,0.47994,0.056,0
kitti,align_score,tx,cm,5,20,40,0.53943,0.079255,0.54017,0.41894,0.05,0.05,0.5,5,0.47994,0.0425,0
kitti,align_score,tx,cm,10,20,40,0.53943,0.079255,0.53556,0.41894,0.05,0.05,0.52875,5,0.47994,0.0535,0
kitti,align_score,tx,cm,20,20,40,0.53943,0.079255,0.52291,0.41894,0.075,0.05,0.5725,5,0.47994,0.109,0
kitti,align_score,ty,cm,2,20,40,0.53943,0.079255,0.53924,0.41894,0.075,0.05,0.505,5,0.47994,0.0465,0
kitti,align_score,ty,cm,5,20,40,0.53943,0.079255,0.5349,0.41894,0.075,0.05,0.52125,5,0.47994,0.0665,0
kitti,align_score,ty,cm,10,20,40,0.53943,0.079255,0.52155,0.41894,0.075,0.05,0.575,5,0.47994,0.1075,0
kitti,align_score,ty,cm,20,20,40,0.53943,0.079255,0.4933,0.41894,0.125,0.05,0.67875,5,0.47994,0.338,0
kitti,align_score,tz,cm,2,20,40,0.53943,0.079255,0.53412,0.41894,0.05,0.05,0.5275,5,0.47994,0.066,0
kitti,align_score,tz,cm,5,20,40,0.53943,0.079255,0.52605,0.41894,0.1,0.05,0.55625,5,0.47994,0.086,0
kitti,align_score,tz,cm,10,20,40,0.53943,0.079255,0.50621,0.41894,0.2,0.05,0.62625,5,0.47994,0.241,0
kitti,align_score,tz,cm,20,20,40,0.53943,0.079255,0.4839,0.41894,0.2,0.05,0.69125,5,0.47994,0.457,0
nuscenes,align_contrast,roll,deg,0.25,80,160,0.039906,0.037664,0.037949,-0.016176,0.0875,0.05,0.51625,5,0.012766,0.081,0
nuscenes,align_contrast,roll,deg,0.5,80,160,0.039906,0.037664,0.030756,-0.016176,0.06875,0.05,0.56398,5,0.012766,0.152,0
nuscenes,align_contrast,roll,deg,1,80,160,0.039906,0.037664,0.023883,-0.016176,0.1375,0.05,0.61836,5,0.012766,0.271,0
nuscenes,align_contrast,roll,deg,1.5,80,160,0.039906,0.037664,0.021638,-0.016176,0.1625,0.05,0.64039,5,0.012766,0.3615,0
nuscenes,align_contrast,roll,deg,2,80,160,0.039906,0.037664,0.016726,-0.016176,0.15,0.05,0.6682,5,0.012766,0.4215,0
nuscenes,align_contrast,roll,deg,3,80,160,0.039906,0.037664,0.0067386,-0.016176,0.25,0.05,0.73914,5,0.012766,0.6595,0
nuscenes,align_contrast,pitch,deg,0.25,80,160,0.039906,0.037664,0.038959,-0.016176,0.05625,0.05,0.50414,5,0.012766,0.051,0
nuscenes,align_contrast,pitch,deg,0.5,80,160,0.039906,0.037664,0.036717,-0.016176,0.05,0.05,0.52641,5,0.012766,0.0525,0
nuscenes,align_contrast,pitch,deg,1,80,160,0.039906,0.037664,0.034116,-0.016176,0.05,0.05,0.54742,5,0.012766,0.0975,0
nuscenes,align_contrast,pitch,deg,1.5,80,160,0.039906,0.037664,0.031477,-0.016176,0.0875,0.05,0.56227,5,0.012766,0.126,0
nuscenes,align_contrast,pitch,deg,2,80,160,0.039906,0.037664,0.028773,-0.016176,0.10625,0.05,0.58137,5,0.012766,0.1515,0
nuscenes,align_contrast,pitch,deg,3,80,160,0.039906,0.037664,0.025446,-0.016176,0.10625,0.05,0.61438,5,0.012766,0.2115,0
nuscenes,align_contrast,yaw,deg,0.25,80,160,0.039906,0.037664,0.035629,-0.016176,0.06875,0.05,0.5332,5,0.012766,0.097,0
nuscenes,align_contrast,yaw,deg,0.5,80,160,0.039906,0.037664,0.029897,-0.016176,0.10625,0.05,0.57305,5,0.012766,0.168,0
nuscenes,align_contrast,yaw,deg,1,80,160,0.039906,0.037664,0.018788,-0.016176,0.1875,0.05,0.6575,5,0.012766,0.372,0
nuscenes,align_contrast,yaw,deg,1.5,80,160,0.039906,0.037664,0.012615,-0.016176,0.2375,0.05,0.70125,5,0.012766,0.5005,0
nuscenes,align_contrast,yaw,deg,2,80,160,0.039906,0.037664,0.0094712,-0.016176,0.2125,0.05,0.72656,5,0.012766,0.602,0
nuscenes,align_contrast,yaw,deg,3,80,160,0.039906,0.037664,0.0018626,-0.016176,0.24375,0.05,0.77832,5,0.012766,0.7745,0
nuscenes,align_contrast,tx,cm,2,80,160,0.039906,0.037664,0.039307,-0.016176,0.05625,0.05,0.505,5,0.012766,0.053,0
nuscenes,align_contrast,tx,cm,5,80,160,0.039906,0.037664,0.037881,-0.016176,0.05,0.05,0.51828,5,0.012766,0.0565,0
nuscenes,align_contrast,tx,cm,10,80,160,0.039906,0.037664,0.035329,-0.016176,0.0625,0.05,0.53766,5,0.012766,0.0695,0
nuscenes,align_contrast,tx,cm,20,80,160,0.039906,0.037664,0.028891,-0.016176,0.09375,0.05,0.57797,5,0.012766,0.1455,0
nuscenes,align_contrast,ty,cm,2,80,160,0.039906,0.037664,0.03945,-0.016176,0.05625,0.05,0.5002,5,0.012766,0.046,0
nuscenes,align_contrast,ty,cm,5,80,160,0.039906,0.037664,0.039193,-0.016176,0.05625,0.05,0.50328,5,0.012766,0.046,0
nuscenes,align_contrast,ty,cm,10,80,160,0.039906,0.037664,0.039057,-0.016176,0.06875,0.05,0.50578,5,0.012766,0.0525,0
nuscenes,align_contrast,ty,cm,20,80,160,0.039906,0.037664,0.028827,-0.016176,0.08125,0.05,0.58977,5,0.012766,0.144,0
nuscenes,align_contrast,tz,cm,2,80,160,0.039906,0.037664,0.040236,-0.016176,0.05625,0.05,0.49758,5,0.012766,0.051,0
nuscenes,align_contrast,tz,cm,5,80,160,0.039906,0.037664,0.038656,-0.016176,0.075,0.05,0.50828,5,0.012766,0.05,0
nuscenes,align_contrast,tz,cm,10,80,160,0.039906,0.037664,0.03651,-0.016176,0.0875,0.05,0.53234,5,0.012766,0.097,0
nuscenes,align_contrast,tz,cm,20,80,160,0.039906,0.037664,0.026441,-0.016176,0.05625,0.05,0.615,5,0.012766,0.1515,0
nuscenes,align_score,roll,deg,0.25,80,160,0.2958,0.10352,0.29481,0.15709,0.075,0.05,0.50852,5,0.22257,0.0565,0
nuscenes,align_score,roll,deg,0.5,80,160,0.2958,0.10352,0.2884,0.15709,0.075,0.05,0.52836,5,0.22257,0.0775,0
nuscenes,align_score,roll,deg,1,80,160,0.2958,0.10352,0.27807,0.15709,0.0875,0.05,0.55492,5,0.22257,0.107,0
nuscenes,align_score,roll,deg,1.5,80,160,0.2958,0.10352,0.27474,0.15709,0.14375,0.05,0.56742,5,0.22257,0.145,0
nuscenes,align_score,roll,deg,2,80,160,0.2958,0.10352,0.2688,0.15709,0.14375,0.05,0.58039,5,0.22257,0.175,0
nuscenes,align_score,roll,deg,3,80,160,0.2958,0.10352,0.25282,0.15709,0.2,0.05,0.62328,5,0.22257,0.269,0
nuscenes,align_score,pitch,deg,0.25,80,160,0.2958,0.10352,0.29475,0.15709,0.04375,0.05,0.50422,5,0.22257,0.0505,0
nuscenes,align_score,pitch,deg,0.5,80,160,0.2958,0.10352,0.29317,0.15709,0.05,0.05,0.51133,5,0.22257,0.0555,0
nuscenes,align_score,pitch,deg,1,80,160,0.2958,0.10352,0.29143,0.15709,0.0625,0.05,0.51898,5,0.22257,0.057,0
nuscenes,align_score,pitch,deg,1.5,80,160,0.2958,0.10352,0.28821,0.15709,0.075,0.05,0.53047,5,0.22257,0.0785,0
nuscenes,align_score,pitch,deg,2,80,160,0.2958,0.10352,0.28404,0.15709,0.06875,0.05,0.53918,5,0.22257,0.0875,0
nuscenes,align_score,pitch,deg,3,80,160,0.2958,0.10352,0.2796,0.15709,0.09375,0.05,0.55031,5,0.22257,0.1075,0
nuscenes,align_score,yaw,deg,0.25,80,160,0.2958,0.10352,0.29178,0.15709,0.0625,0.05,0.5093,5,0.22257,0.064,0
nuscenes,align_score,yaw,deg,0.5,80,160,0.2958,0.10352,0.2857,0.15709,0.08125,0.05,0.5268,5,0.22257,0.0735,0
nuscenes,align_score,yaw,deg,1,80,160,0.2958,0.10352,0.27178,0.15709,0.1,0.05,0.56703,5,0.22257,0.1345,0
nuscenes,align_score,yaw,deg,1.5,80,160,0.2958,0.10352,0.26702,0.15709,0.0875,0.05,0.57969,5,0.22257,0.149,0
nuscenes,align_score,yaw,deg,2,80,160,0.2958,0.10352,0.26545,0.15709,0.10625,0.05,0.5868,5,0.22257,0.1695,0
nuscenes,align_score,yaw,deg,3,80,160,0.2958,0.10352,0.26023,0.15709,0.075,0.05,0.60633,5,0.22257,0.214,0
nuscenes,align_score,tx,cm,2,80,160,0.2958,0.10352,0.29516,0.15709,0.05625,0.05,0.50313,5,0.22257,0.052,0
nuscenes,align_score,tx,cm,5,80,160,0.2958,0.10352,0.29365,0.15709,0.05625,0.05,0.50719,5,0.22257,0.055,0
nuscenes,align_score,tx,cm,10,80,160,0.2958,0.10352,0.29019,0.15709,0.075,0.05,0.5182,5,0.22257,0.062,0
nuscenes,align_score,tx,cm,20,80,160,0.2958,0.10352,0.2839,0.15709,0.075,0.05,0.53625,5,0.22257,0.0925,0
nuscenes,align_score,ty,cm,2,80,160,0.2958,0.10352,0.29559,0.15709,0.06875,0.05,0.49953,5,0.22257,0.047,0
nuscenes,align_score,ty,cm,5,80,160,0.2958,0.10352,0.2953,0.15709,0.05,0.05,0.50297,5,0.22257,0.043,0
nuscenes,align_score,ty,cm,10,80,160,0.2958,0.10352,0.29473,0.15709,0.06875,0.05,0.50492,5,0.22257,0.0435,0
nuscenes,align_score,ty,cm,20,80,160,0.2958,0.10352,0.26512,0.15709,0.1125,0.05,0.59109,5,0.22257,0.1905,0
nuscenes,align_score,tz,cm,2,80,160,0.2958,0.10352,0.29565,0.15709,0.0625,0.05,0.50477,5,0.22257,0.0555,0
nuscenes,align_score,tz,cm,5,80,160,0.2958,0.10352,0.29305,0.15709,0.05,0.05,0.5125,5,0.22257,0.066,0
nuscenes,align_score,tz,cm,10,80,160,0.2958,0.10352,0.29173,0.15709,0.04375,0.05,0.52031,5,0.22257,0.072,0
nuscenes,align_score,tz,cm,20,80,160,0.2958,0.10352,0.24143,0.15709,0.14375,0.05,0.66312,5,0.22257,0.361,0
