dataset,kind,magnitude,unit,distance_m,focal_px,lateral_shift_m,pixel_shift,shift_over_pedestrian_width,shift_over_car_width
kitti,rotation,0.2500,deg,5,721.5377,0.0218,3.1483,0.0364,0.0121
kitti,rotation,0.5000,deg,5,721.5377,0.0436,6.2968,0.0727,0.0242
kitti,rotation,1.0000,deg,5,721.5377,0.0873,12.5945,0.1455,0.0485
kitti,rotation,1.5000,deg,5,721.5377,0.1309,18.8941,0.2182,0.0727
kitti,rotation,2.0000,deg,5,721.5377,0.1746,25.1967,0.2910,0.0970
kitti,rotation,3.0000,deg,5,721.5377,0.2620,37.8142,0.4367,0.1456
kitti,translation,2.0000,cm,5,721.5377,0.0200,2.8862,0.0333,0.0111
kitti,translation,5.0000,cm,5,721.5377,0.0500,7.2154,0.0833,0.0278
kitti,translation,10.0000,cm,5,721.5377,0.1000,14.4308,0.1667,0.0556
kitti,translation,20.0000,cm,5,721.5377,0.2000,28.8615,0.3333,0.1111
kitti,rotation,0.2500,deg,10,721.5377,0.0436,3.1483,0.0727,0.0242
kitti,rotation,0.5000,deg,10,721.5377,0.0873,6.2968,0.1454,0.0485
kitti,rotation,1.0000,deg,10,721.5377,0.1746,12.5945,0.2909,0.0970
kitti,rotation,1.5000,deg,10,721.5377,0.2619,18.8941,0.4364,0.1455
kitti,rotation,2.0000,deg,10,721.5377,0.3492,25.1967,0.5820,0.1940
kitti,rotation,3.0000,deg,10,721.5377,0.5241,37.8142,0.8735,0.2912
kitti,translation,2.0000,cm,10,721.5377,0.0200,1.4431,0.0333,0.0111
kitti,translation,5.0000,cm,10,721.5377,0.0500,3.6077,0.0833,0.0278
kitti,translation,10.0000,cm,10,721.5377,0.1000,7.2154,0.1667,0.0556
kitti,translation,20.0000,cm,10,721.5377,0.2000,14.4308,0.3333,0.1111
kitti,rotation,0.2500,deg,20,721.5377,0.0873,3.1483,0.1454,0.0485
kitti,rotation,0.5000,deg,20,721.5377,0.1745,6.2968,0.2909,0.0970
kitti,rotation,1.0000,deg,20,721.5377,0.3491,12.5945,0.5818,0.1939
kitti,rotation,1.5000,deg,20,721.5377,0.5237,18.8941,0.8729,0.2910
kitti,rotation,2.0000,deg,20,721.5377,0.6984,25.1967,1.1640,0.3880
kitti,rotation,3.0000,deg,20,721.5377,1.0482,37.8142,1.7469,0.5823
kitti,translation,2.0000,cm,20,721.5377,0.0200,0.7215,0.0333,0.0111
kitti,translation,5.0000,cm,20,721.5377,0.0500,1.8038,0.0833,0.0278
kitti,translation,10.0000,cm,20,721.5377,0.1000,3.6077,0.1667,0.0556
kitti,translation,20.0000,cm,20,721.5377,0.2000,7.2154,0.3333,0.1111
kitti,rotation,0.2500,deg,30,721.5377,0.1309,3.1483,0.2182,0.0727
kitti,rotation,0.5000,deg,30,721.5377,0.2618,6.2968,0.4363,0.1454
kitti,rotation,1.0000,deg,30,721.5377,0.5237,12.5945,0.8728,0.2909
kitti,rotation,1.5000,deg,30,721.5377,0.7856,18.8941,1.3093,0.4364
kitti,rotation,2.0000,deg,30,721.5377,1.0476,25.1967,1.7460,0.5820
kitti,rotation,3.0000,deg,30,721.5377,1.5722,37.8142,2.6204,0.8735
kitti,translation,2.0000,cm,30,721.5377,0.0200,0.4810,0.0333,0.0111
kitti,translation,5.0000,cm,30,721.5377,0.0500,1.2026,0.0833,0.0278
kitti,translation,10.0000,cm,30,721.5377,0.1000,2.4051,0.1667,0.0556
kitti,translation,20.0000,cm,30,721.5377,0.2000,4.8103,0.3333,0.1111
kitti,rotation,0.2500,deg,50,721.5377,0.2182,3.1483,0.3636,0.1212
kitti,rotation,0.5000,deg,50,721.5377,0.4363,6.2968,0.7272,0.2424
kitti,rotation,1.0000,deg,50,721.5377,0.8728,12.5945,1.4546,0.4849
kitti,rotation,1.5000,deg,50,721.5377,1.3093,18.8941,2.1822,0.7274
kitti,rotation,2.0000,deg,50,721.5377,1.7460,25.1967,2.9101,0.9700
kitti,rotation,3.0000,deg,50,721.5377,2.6204,37.8142,4.3673,1.4558
kitti,translation,2.0000,cm,50,721.5377,0.0200,0.2886,0.0333,0.0111
kitti,translation,5.0000,cm,50,721.5377,0.0500,0.7215,0.0833,0.0278
kitti,translation,10.0000,cm,50,721.5377,0.1000,1.4431,0.1667,0.0556
kitti,translation,20.0000,cm,50,721.5377,0.2000,2.8862,0.3333,0.1111
kitti,rotation,0.2500,deg,80,721.5377,0.3491,3.1483,0.5818,0.1939
kitti,rotation,0.5000,deg,80,721.5377,0.6981,6.2968,1.1636,0.3879
kitti,rotation,1.0000,deg,80,721.5377,1.3964,12.5945,2.3273,0.7758
kitti,rotation,1.5000,deg,80,721.5377,2.0949,18.8941,3.4915,1.1638
kitti,rotation,2.0000,deg,80,721.5377,2.7937,25.1967,4.6561,1.5520
kitti,rotation,3.0000,deg,80,721.5377,4.1926,37.8142,6.9877,2.3292
kitti,translation,2.0000,cm,80,721.5377,0.0200,0.1804,0.0333,0.0111
kitti,translation,5.0000,cm,80,721.5377,0.0500,0.4510,0.0833,0.0278
kitti,translation,10.0000,cm,80,721.5377,0.1000,0.9019,0.1667,0.0556
kitti,translation,20.0000,cm,80,721.5377,0.2000,1.8038,0.3333,0.1111
nuscenes,rotation,0.2500,deg,5,1252.8131,0.0218,5.4665,0.0364,0.0121
nuscenes,rotation,0.5000,deg,5,1252.8131,0.0436,10.9331,0.0727,0.0242
nuscenes,rotation,1.0000,deg,5,1252.8131,0.0873,21.8679,0.1455,0.0485
nuscenes,rotation,1.5000,deg,5,1252.8131,0.1309,32.8061,0.2182,0.0727
nuscenes,rotation,2.0000,deg,5,1252.8131,0.1746,43.7492,0.2910,0.0970
nuscenes,rotation,3.0000,deg,5,1252.8131,0.2620,65.6572,0.4367,0.1456
nuscenes,translation,2.0000,cm,5,1252.8131,0.0200,5.0113,0.0333,0.0111
nuscenes,translation,5.0000,cm,5,1252.8131,0.0500,12.5281,0.0833,0.0278
nuscenes,translation,10.0000,cm,5,1252.8131,0.1000,25.0563,0.1667,0.0556
nuscenes,translation,20.0000,cm,5,1252.8131,0.2000,50.1125,0.3333,0.1111
nuscenes,rotation,0.2500,deg,10,1252.8131,0.0436,5.4665,0.0727,0.0242
nuscenes,rotation,0.5000,deg,10,1252.8131,0.0873,10.9331,0.1454,0.0485
nuscenes,rotation,1.0000,deg,10,1252.8131,0.1746,21.8679,0.2909,0.0970
nuscenes,rotation,1.5000,deg,10,1252.8131,0.2619,32.8061,0.4364,0.1455
nuscenes,rotation,2.0000,deg,10,1252.8131,0.3492,43.7492,0.5820,0.1940
nuscenes,rotation,3.0000,deg,10,1252.8131,0.5241,65.6572,0.8735,0.2912
nuscenes,translation,2.0000,cm,10,1252.8131,0.0200,2.5056,0.0333,0.0111
nuscenes,translation,5.0000,cm,10,1252.8131,0.0500,6.2641,0.0833,0.0278
nuscenes,translation,10.0000,cm,10,1252.8131,0.1000,12.5281,0.1667,0.0556
nuscenes,translation,20.0000,cm,10,1252.8131,0.2000,25.0563,0.3333,0.1111
nuscenes,rotation,0.2500,deg,20,1252.8131,0.0873,5.4665,0.1454,0.0485
nuscenes,rotation,0.5000,deg,20,1252.8131,0.1745,10.9331,0.2909,0.0970
nuscenes,rotation,1.0000,deg,20,1252.8131,0.3491,21.8679,0.5818,0.1939
nuscenes,rotation,1.5000,deg,20,1252.8131,0.5237,32.8061,0.8729,0.2910
nuscenes,rotation,2.0000,deg,20,1252.8131,0.6984,43.7492,1.1640,0.3880
nuscenes,rotation,3.0000,deg,20,1252.8131,1.0482,65.6572,1.7469,0.5823
nuscenes,translation,2.0000,cm,20,1252.8131,0.0200,1.2528,0.0333,0.0111
nuscenes,translation,5.0000,cm,20,1252.8131,0.0500,3.1320,0.0833,0.0278
nuscenes,translation,10.0000,cm,20,1252.8131,0.1000,6.2641,0.1667,0.0556
nuscenes,translation,20.0000,cm,20,1252.8131,0.2000,12.5281,0.3333,0.1111
nuscenes,rotation,0.2500,deg,30,1252.8131,0.1309,5.4665,0.2182,0.0727
nuscenes,rotation,0.5000,deg,30,1252.8131,0.2618,10.9331,0.4363,0.1454
nuscenes,rotation,1.0000,deg,30,1252.8131,0.5237,21.8679,0.8728,0.2909
nuscenes,rotation,1.5000,deg,30,1252.8131,0.7856,32.8061,1.3093,0.4364
nuscenes,rotation,2.0000,deg,30,1252.8131,1.0476,43.7492,1.7460,0.5820
nuscenes,rotation,3.0000,deg,30,1252.8131,1.5722,65.6572,2.6204,0.8735
nuscenes,translation,2.0000,cm,30,1252.8131,0.0200,0.8352,0.0333,0.0111
nuscenes,translation,5.0000,cm,30,1252.8131,0.0500,2.0880,0.0833,0.0278
nuscenes,translation,10.0000,cm,30,1252.8131,0.1000,4.1760,0.1667,0.0556
nuscenes,translation,20.0000,cm,30,1252.8131,0.2000,8.3521,0.3333,0.1111
nuscenes,rotation,0.2500,deg,50,1252.8131,0.2182,5.4665,0.3636,0.1212
nuscenes,rotation,0.5000,deg,50,1252.8131,0.4363,10.9331,0.7272,0.2424
nuscenes,rotation,1.0000,deg,50,1252.8131,0.8728,21.8679,1.4546,0.4849
nuscenes,rotation,1.5000,deg,50,1252.8131,1.3093,32.8061,2.1822,0.7274
nuscenes,rotation,2.0000,deg,50,1252.8131,1.7460,43.7492,2.9101,0.9700
nuscenes,rotation,3.0000,deg,50,1252.8131,2.6204,65.6572,4.3673,1.4558
nuscenes,translation,2.0000,cm,50,1252.8131,0.0200,0.5011,0.0333,0.0111
nuscenes,translation,5.0000,cm,50,1252.8131,0.0500,1.2528,0.0833,0.0278
nuscenes,translation,10.0000,cm,50,1252.8131,0.1000,2.5056,0.1667,0.0556
nuscenes,translation,20.0000,cm,50,1252.8131,0.2000,5.0113,0.3333,0.1111
nuscenes,rotation,0.2500,deg,80,1252.8131,0.3491,5.4665,0.5818,0.1939
nuscenes,rotation,0.5000,deg,80,1252.8131,0.6981,10.9331,1.1636,0.3879
nuscenes,rotation,1.0000,deg,80,1252.8131,1.3964,21.8679,2.3273,0.7758
nuscenes,rotation,1.5000,deg,80,1252.8131,2.0949,32.8061,3.4915,1.1638
nuscenes,rotation,2.0000,deg,80,1252.8131,2.7937,43.7492,4.6561,1.5520
nuscenes,rotation,3.0000,deg,80,1252.8131,4.1926,65.6572,6.9877,2.3292
nuscenes,translation,2.0000,cm,80,1252.8131,0.0200,0.3132,0.0333,0.0111
nuscenes,translation,5.0000,cm,80,1252.8131,0.0500,0.7830,0.0833,0.0278
nuscenes,translation,10.0000,cm,80,1252.8131,0.1000,1.5660,0.1667,0.0556
nuscenes,translation,20.0000,cm,80,1252.8131,0.2000,3.1320,0.3333,0.1111
