dataset,kind,unit,magnitude,n_frames,n_evals,inside_fov_pct,n_object_points,hit_rate_pct,precision_pct,hit_0-15m_pct,npts_0-15m,hit_15-30m_pct,npts_15-30m,hit_30-50m_pct,npts_30-50m,hit_>50m_pct,npts_>50m,align_mean,align_std,contrast_mean,contrast_std,align_nan_frac,hit_drop_pp,precision_drop_pp,inside_fov_drop_pp
kitti,roll,deg,0.0000,20,20,15.7396,24803,99.1816,47.8767,99.6253,15213,98.3277,8312,99.5885,972,99.0196,306,0.5394,0.0813,0.1124,0.0436,0.0000,0.0000,0.0000,0.0000
kitti,roll,deg,0.2500,20,40,15.7389,49606,99.2702,47.9484,99.6286,30426,98.5864,16624,99.5370,1944,99.1830,612,0.5331,0.0796,0.1051,0.0407,0.0000,-0.0887,-0.0717,0.0006
kitti,roll,deg,0.5000,20,40,15.7380,49606,99.1755,47.8370,99.5596,30426,98.4540,16624,99.3313,1944,99.1830,612,0.5248,0.0789,0.0970,0.0398,0.0000,0.0060,0.0397,0.0015
kitti,roll,deg,1.0000,20,40,15.7368,49606,98.6554,47.8607,99.1290,30426,97.8164,16624,98.3025,1944,99.0196,612,0.5057,0.0856,0.0770,0.0409,0.0000,0.5261,0.0160,0.0028
kitti,roll,deg,1.5000,20,40,15.7452,49606,97.8228,47.5992,98.4027,30426,96.9923,16624,96.0905,1944,97.0588,612,0.4892,0.0903,0.0642,0.0353,0.0000,1.3587,0.2774,-0.0057
kitti,roll,deg,2.0000,20,40,15.7475,49606,96.9621,47.2239,97.8012,30426,95.8133,16624,94.6502,1944,93.7908,612,0.4749,0.0932,0.0521,0.0356,0.0000,2.2195,0.6527,-0.0080
kitti,roll,deg,3.0000,20,40,15.7624,49606,94.8676,46.4831,96.3682,30426,93.0642,16624,88.7346,1944,88.7255,612,0.4587,0.0939,0.0389,0.0406,0.0000,4.3140,1.3935,-0.0229
kitti,pitch,deg,0.0000,20,20,15.7396,24803,99.1816,47.8767,99.6253,15213,98.3277,8312,99.5885,972,99.0196,306,0.5394,0.0813,0.1124,0.0436,0.0000,0.0000,0.0000,0.0000
kitti,pitch,deg,0.2500,20,40,15.7685,49606,98.7421,47.8564,99.1882,30426,98.1773,16624,97.6852,1944,95.2614,612,0.5225,0.0802,0.0949,0.0405,0.0000,0.4395,0.0203,-0.0289
kitti,pitch,deg,0.5000,20,40,15.7652,49606,97.0951,47.2651,98.1529,30426,96.2223,16624,91.1008,1944,87.2549,612,0.4992,0.0823,0.0713,0.0372,0.0000,2.0864,0.6116,-0.0257
kitti,pitch,deg,1.0000,20,40,15.7527,49606,92.0957,45.2157,94.9780,30426,90.5378,16624,72.5823,1944,53.1046,612,0.4684,0.0873,0.0452,0.0340,0.0000,7.0858,2.6610,-0.0131
kitti,pitch,deg,1.5000,20,40,15.7493,49606,86.1468,42.4239,91.5237,30426,82.8321,16624,48.5082,1944,28.4314,612,0.4475,0.0887,0.0322,0.0382,0.0000,13.0347,5.4528,-0.0097
kitti,pitch,deg,2.0000,20,40,15.7447,49606,79.3714,39.4029,87.5074,30426,73.2796,16624,25.9774,1944,9.9673,612,0.4330,0.0920,0.0207,0.0361,0.0000,19.8101,8.4737,-0.0052
kitti,pitch,deg,3.0000,20,40,15.7270,49606,64.7563,33.1674,75.9285,30426,53.7356,16624,4.5267,1944,0.0000,612,0.3985,0.1061,-0.0127,0.0369,0.0000,34.4253,14.7092,0.0125
kitti,yaw,deg,0.0000,20,20,15.7396,24803,99.1816,47.8767,99.6253,15213,98.3277,8312,99.5885,972,99.0196,306,0.5394,0.0813,0.1124,0.0436,0.0000,0.0000,0.0000,0.0000
kitti,yaw,deg,0.2500,20,40,15.7400,49606,98.7280,47.6619,99.5267,30426,97.6179,16624,97.3765,1944,93.4641,612,0.5314,0.0769,0.1044,0.0425,0.0000,0.4536,0.2148,-0.0004
kitti,yaw,deg,0.5000,20,40,15.7397,49606,97.2826,47.0177,99.0534,30426,95.3140,16624,90.7407,1944,83.4967,612,0.5136,0.0770,0.0871,0.0446,0.0000,1.8990,0.8590,-0.0001
kitti,yaw,deg,1.0000,20,40,15.7401,49606,92.4344,44.7050,96.8284,30426,87.9030,16624,72.8395,1944,59.3137,612,0.4917,0.0769,0.0655,0.0473,0.0000,6.7472,3.1717,-0.0005
kitti,yaw,deg,1.5000,20,40,15.7396,49606,86.6810,41.9057,93.3478,30426,79.8845,16624,56.7901,1944,34.8039,612,0.4767,0.0789,0.0486,0.0507,0.0000,12.5005,5.9710,-0.0001
kitti,yaw,deg,2.0000,20,40,15.7385,49606,81.2966,39.2303,89.4169,30426,73.1533,16624,45.0103,1944,14.0523,612,0.4681,0.0790,0.0356,0.0507,0.0000,17.8849,8.6464,0.0010
kitti,yaw,deg,3.0000,20,40,15.7384,49606,71.3543,34.3041,81.5027,30426,60.8819,16624,24.5370,1944,0.0000,612,0.4587,0.0770,0.0238,0.0460,0.0000,27.8273,13.5726,0.0011
kitti,tx,cm,0.0000,20,20,15.7396,24803,99.1816,47.8767,99.6253,15213,98.3277,8312,99.5885,972,99.0196,306,0.5394,0.0813,0.1124,0.0436,0.0000,0.0000,0.0000,0.0000
kitti,tx,cm,2.0000,20,40,15.7419,49606,99.1876,47.8619,99.6253,30426,98.3518,16624,99.5370,1944,99.0196,612,0.5397,0.0809,0.1131,0.0436,0.0000,-0.0060,0.0148,-0.0024
kitti,tx,cm,5.0000,20,40,15.7590,49606,99.1816,47.8609,99.6187,30426,98.3518,16624,99.4856,1944,99.0196,612,0.5402,0.0800,0.1125,0.0434,0.0000,0.0000,0.0158,-0.0195
kitti,tx,cm,10.0000,20,40,15.7732,49606,99.1392,47.8521,99.5497,30426,98.3397,16624,99.5885,1944,99.0196,612,0.5356,0.0769,0.1082,0.0422,0.0000,0.0423,0.0246,-0.0336
kitti,tx,cm,20.0000,20,40,15.7789,49606,98.9961,47.7937,99.3624,30426,98.2736,16624,99.4856,1944,98.8562,612,0.5229,0.0738,0.0967,0.0407,0.0000,0.1855,0.0830,-0.0393
kitti,ty,cm,0.0000,20,20,15.7396,24803,99.1816,47.8767,99.6253,15213,98.3277,8312,99.5885,972,99.0196,306,0.5394,0.0813,0.1124,0.0436,0.0000,0.0000,0.0000,0.0000
kitti,ty,cm,2.0000,20,40,15.7397,49606,99.1795,47.8692,99.6253,30426,98.3397,16624,99.4856,1944,98.8562,612,0.5392,0.0798,0.1121,0.0434,0.0000,0.0020,0.0075,-0.0001
kitti,ty,cm,5.0000,20,40,15.7398,49606,99.0626,47.8416,99.5497,30426,98.1412,16624,99.3827,1944,98.8562,612,0.5349,0.0786,0.1079,0.0437,0.0000,0.1189,0.0351,-0.0003
kitti,ty,cm,10.0000,20,40,15.7401,49606,98.6433,47.6790,99.2243,30426,97.5577,16624,98.9712,1944,98.2026,612,0.5216,0.0746,0.0956,0.0438,0.0000,0.5382,0.1976,-0.0006
kitti,ty,cm,20.0000,20,40,15.7411,49606,96.5125,46.8839,97.2786,30426,95.2358,16624,95.6790,1944,95.7516,612,0.4933,0.0719,0.0710,0.0440,0.0000,2.6690,0.9928,-0.0016
kitti,tz,cm,0.0000,20,20,15.7396,24803,99.1816,47.8767,99.6253,15213,98.3277,8312,99.5885,972,99.0196,306,0.5394,0.0813,0.1124,0.0436,0.0000,0.0000,0.0000,0.0000
kitti,tz,cm,2.0000,20,40,15.7662,49606,99.2602,47.8937,99.6418,30426,98.5322,16624,99.5885,1944,99.0196,612,0.5341,0.0788,0.1062,0.0397,0.0000,-0.0786,-0.0170,-0.0267
kitti,tz,cm,5.0000,20,40,15.7609,49606,98.9538,47.8930,99.2309,30426,98.3819,16624,99.4856,1944,99.0196,612,0.5260,0.0783,0.0980,0.0400,0.0000,0.2278,-0.0163,-0.0214
kitti,tz,cm,10.0000,20,40,15.7942,49606,97.8390,47.5157,97.7815,30426,97.8766,16624,98.3025,1944,98.2026,612,0.5062,0.0801,0.0771,0.0408,0.0000,1.3426,0.3610,-0.0546
kitti,tz,cm,20.0000,20,40,15.8767,49606,95.1659,46.5466,94.7643,30426,95.6509,16624,96.5535,1944,97.5490,612,0.4839,0.0806,0.0602,0.0404,0.0000,4.0156,1.3301,-0.1372
nuscenes,roll,deg,0.0000,80,80,8.7266,13786,99.4850,44.5047,99.1600,7976,99.9258,5389,100.0000,421,,0,0.2958,0.1042,0.0399,0.0379,0.0000,0.0000,0.0000,0.0000
nuscenes,roll,deg,0.2500,80,160,8.7025,27572,99.5358,44.3636,99.3355,15952,99.8237,10778,99.6437,842,,0,0.2948,0.1087,0.0379,0.0400,0.0000,-0.0508,0.1410,0.0241
nuscenes,roll,deg,0.5000,80,160,8.6963,27572,99.2166,44.2035,98.9782,15952,99.6660,10778,97.9810,842,,0,0.2884,0.1088,0.0308,0.0380,0.0000,0.2684,0.3011,0.0303
nuscenes,roll,deg,1.0000,80,160,8.7004,27572,95.7239,42.7023,97.3859,15952,94.3496,10778,81.8290,842,,0,0.2781,0.1059,0.0239,0.0405,0.0000,3.7611,1.8023,0.0262
nuscenes,roll,deg,1.5000,80,160,8.7089,27572,90.1929,40.1375,94.2828,15952,85.4982,10778,72.8029,842,,0,0.2747,0.1124,0.0216,0.0439,0.0000,9.2920,4.3672,0.0177
nuscenes,roll,deg,2.0000,80,160,8.6979,27572,84.9630,37.2235,91.7628,15952,77.1015,10778,56.7696,842,,0,0.2688,0.1107,0.0167,0.0383,0.0000,14.5220,7.2812,0.0287
nuscenes,roll,deg,3.0000,80,160,8.6867,27572,69.4980,29.7772,82.6730,15952,53.1453,10778,29.2162,842,,0,0.2528,0.1045,0.0067,0.0335,0.0000,29.9869,14.7275,0.0399
nuscenes,pitch,deg,0.0000,80,80,8.7266,13786,99.4850,44.5047,99.1600,7976,99.9258,5389,100.0000,421,,0,0.2958,0.1042,0.0399,0.0379,0.0000,0.0000,0.0000,0.0000
nuscenes,pitch,deg,0.2500,80,160,8.7266,27572,99.4632,44.5596,99.1537,15952,99.8794,10778,100.0000,842,,0,0.2947,0.1035,0.0390,0.0364,0.0000,0.0218,-0.0550,0.0000
nuscenes,pitch,deg,0.5000,80,160,8.7289,27572,99.4378,44.4652,99.1098,15952,99.8794,10778,100.0000,842,,0,0.2932,0.1050,0.0367,0.0362,0.0000,0.0471,0.0395,-0.0023
nuscenes,pitch,deg,1.0000,80,160,8.7304,27572,99.3435,44.2199,99.0221,15952,99.7959,10778,99.6437,842,,0,0.2914,0.1082,0.0341,0.0365,0.0000,0.1414,0.2847,-0.0037
nuscenes,pitch,deg,1.5000,80,160,8.7289,27572,99.1114,44.0881,98.8591,15952,99.4433,10778,99.6437,842,,0,0.2882,0.1092,0.0315,0.0369,0.0000,0.3736,0.4166,-0.0023
nuscenes,pitch,deg,2.0000,80,160,8.7218,27572,98.4876,43.7307,98.5456,15952,98.3485,10778,99.1686,842,,0,0.2840,0.1061,0.0288,0.0342,0.0000,0.9974,0.7740,0.0048
nuscenes,pitch,deg,3.0000,80,160,8.7100,27572,95.9814,42.6361,97.2166,15952,94.3125,10778,93.9430,842,,0,0.2796,0.1062,0.0254,0.0373,0.0000,3.5036,1.8685,0.0166
nuscenes,yaw,deg,0.0000,80,80,8.7266,13786,99.4850,44.5047,99.1600,7976,99.9258,5389,100.0000,421,,0,0.2958,0.1042,0.0399,0.0379,0.0000,0.0000,0.0000,0.0000
nuscenes,yaw,deg,0.2500,80,160,8.7261,27572,99.2166,44.4877,98.9406,15952,99.5825,10778,99.7625,842,,0,0.2918,0.1026,0.0356,0.0382,0.0000,0.2684,0.0169,0.0006
nuscenes,yaw,deg,0.5000,80,160,8.7252,27572,98.6689,44.3297,98.5519,15952,98.8681,10778,98.3373,842,,0,0.2857,0.1029,0.0299,0.0384,0.0000,0.8160,0.1750,0.0015
nuscenes,yaw,deg,1.0000,80,160,8.7260,27572,96.3332,43.4773,97.1038,15952,95.6114,10778,90.9739,842,,0,0.2718,0.0981,0.0188,0.0356,0.0000,3.1517,1.0274,0.0006
nuscenes,yaw,deg,1.5000,80,160,8.7239,27572,92.7245,42.0848,94.5399,15952,90.9538,10778,80.9976,842,,0,0.2670,0.0984,0.0126,0.0357,0.0000,6.7605,2.4199,0.0027
nuscenes,yaw,deg,2.0000,80,160,8.7259,27572,88.2562,40.2485,90.9290,15952,85.7302,10778,69.9525,842,,0,0.2655,0.0980,0.0095,0.0339,0.0000,11.2288,4.2562,0.0007
nuscenes,yaw,deg,3.0000,80,160,8.7234,27572,78.3331,35.9710,83.1118,15952,73.6871,10778,47.2684,842,,0,0.2602,0.0968,0.0019,0.0316,0.0000,21.1519,8.5336,0.0032
nuscenes,tx,cm,0.0000,80,80,8.7266,13786,99.4850,44.5047,99.1600,7976,99.9258,5389,100.0000,421,,0,0.2958,0.1042,0.0399,0.0379,0.0000,0.0000,0.0000,0.0000
nuscenes,tx,cm,2.0000,80,160,8.7254,27572,99.4233,44.5034,99.0659,15952,99.9072,10778,100.0000,842,,0,0.2952,0.1030,0.0393,0.0362,0.0000,0.0617,0.0013,0.0012
nuscenes,tx,cm,5.0000,80,160,8.7269,27572,99.3109,44.5137,98.9343,15952,99.8144,10778,100.0000,842,,0,0.2936,0.1029,0.0379,0.0357,0.0000,0.1741,-0.0091,-0.0003
nuscenes,tx,cm,10.0000,80,160,8.7261,27572,99.0606,44.4369,98.6334,15952,99.6196,10778,100.0000,842,,0,0.2902,0.1029,0.0353,0.0357,0.0000,0.4243,0.0678,0.0005
nuscenes,tx,cm,20.0000,80,160,8.7271,27572,97.7731,44.0669,97.0160,15952,98.7567,10778,99.5249,842,,0,0.2839,0.1042,0.0289,0.0349,0.0000,1.7119,0.4377,-0.0005
nuscenes,ty,cm,0.0000,80,80,8.7266,13786,99.4850,44.5047,99.1600,7976,99.9258,5389,100.0000,421,,0,0.2958,0.1042,0.0399,0.0379,0.0000,0.0000,0.0000,0.0000
nuscenes,ty,cm,2.0000,80,160,8.7253,27572,99.4415,44.5245,99.1036,15952,99.8979,10778,100.0000,842,,0,0.2956,0.1025,0.0394,0.0369,0.0000,0.0435,-0.0199,0.0013
nuscenes,ty,cm,5.0000,80,160,8.7180,27572,99.3907,44.5424,99.0409,15952,99.8608,10778,100.0000,842,,0,0.2953,0.1039,0.0392,0.0369,0.0000,0.0943,-0.0378,0.0086
nuscenes,ty,cm,10.0000,80,160,8.7052,27572,99.2928,44.5830,98.9218,15952,99.7866,10778,100.0000,842,,0,0.2947,0.1040,0.0391,0.0382,0.0000,0.1922,-0.0783,0.0214
nuscenes,ty,cm,20.0000,80,160,8.7993,27572,99.0534,44.2135,98.5895,15952,99.6660,10778,100.0000,842,,0,0.2651,0.1040,0.0288,0.0349,0.0000,0.4316,0.2911,-0.0727
nuscenes,tz,cm,0.0000,80,80,8.7266,13786,99.4850,44.5047,99.1600,7976,99.9258,5389,100.0000,421,,0,0.2958,0.1042,0.0399,0.0379,0.0000,0.0000,0.0000,0.0000
nuscenes,tz,cm,2.0000,80,160,8.7116,27572,99.5430,44.5689,99.2728,15952,99.9072,10778,100.0000,842,,0,0.2956,0.1055,0.0402,0.0369,0.0000,-0.0580,-0.0643,0.0150
nuscenes,tz,cm,5.0000,80,160,8.6999,27572,99.4777,44.4978,99.1662,15952,99.8979,10778,100.0000,842,,0,0.2931,0.1071,0.0387,0.0385,0.0000,0.0073,0.0069,0.0267
nuscenes,tz,cm,10.0000,80,160,8.7158,27572,99.2456,44.1677,98.7839,15952,99.8701,10778,100.0000,842,,0,0.2917,0.1104,0.0365,0.0405,0.0000,0.2394,0.3369,0.0108
nuscenes,tz,cm,20.0000,80,160,8.8963,27572,97.6462,43.1968,96.3892,15952,99.3505,10778,99.6437,842,,0,0.2414,0.0961,0.0264,0.0299,0.0000,1.8388,1.3079,-0.1697
