dataset,metric,method,kind,unit,magnitude,n_healthy,n_drift,healthy_mean,healthy_std,drift_mean,tau_single,tpr_single,fpr_single,auc_single,window,tau_window,tpr_window,nan_frac_drift
kitti,canny_contrast,canny,roll,deg,0.5,20,40,0.11242,0.042511,0.097018,0.050422,0.05,0.05,0.58625,5,0.081607,0.1895,0
kitti,canny_contrast,canny,roll,deg,1,20,40,0.11242,0.042511,0.077039,0.050422,0.225,0.05,0.72,5,0.081607,0.571,0
kitti,canny_contrast,canny,roll,deg,2,20,40,0.11242,0.042511,0.05209,0.050422,0.525,0.05,0.85875,5,0.081607,0.9695,0
kitti,canny_contrast,canny,roll,deg,3,20,40,0.11242,0.042511,0.038855,0.050422,0.6,0.05,0.89875,5,0.081607,0.992,0
kitti,canny_contrast,canny,pitch,deg,0.5,20,40,0.11242,0.042511,0.071345,0.050422,0.3,0.05,0.76375,5,0.081607,0.733,0
kitti,canny_contrast,canny,pitch,deg,1,20,40,0.11242,0.042511,0.045181,0.050422,0.65,0.05,0.88625,5,0.081607,0.9895,0
kitti,canny_contrast,canny,pitch,deg,2,20,40,0.11242,0.042511,0.020664,0.050422,0.8,0.05,0.94625,5,0.081607,1,0
kitti,canny_contrast,canny,pitch,deg,3,20,40,0.11242,0.042511,-0.012725,0.050422,0.975,0.05,0.99375,5,0.081607,1,0
kitti,canny_contrast,canny,yaw,deg,0.5,20,40,0.11242,0.042511,0.087088,0.050422,0.25,0.05,0.66,5,0.081607,0.403,0
kitti,canny_contrast,canny,yaw,deg,1,20,40,0.11242,0.042511,0.065452,0.050422,0.4,0.05,0.765,5,0.081607,0.793,0
kitti,canny_contrast,canny,yaw,deg,2,20,40,0.11242,0.042511,0.035595,0.050422,0.7,0.05,0.88,5,0.081607,0.975,0
kitti,canny_contrast,canny,yaw,deg,3,20,40,0.11242,0.042511,0.02384,0.050422,0.725,0.05,0.9175,5,0.081607,0.998,0
kitti,canny_contrast,canny,tx,cm,10,20,40,0.11242,0.042511,0.10819,0.050422,0.075,0.05,0.5225,5,0.081607,0.076,0
kitti,canny_contrast,canny,tx,cm,20,20,40,0.11242,0.042511,0.096666,0.050422,0.075,0.05,0.6,5,0.081607,0.2075,0
kitti,canny_contrast,canny,tz,cm,10,20,40,0.11242,0.042511,0.07705,0.050422,0.175,0.05,0.73125,5,0.081607,0.6025,0
kitti,canny_contrast,canny,tz,cm,20,20,40,0.11242,0.042511,0.06019,0.050422,0.575,0.05,0.8175,5,0.081607,0.883,0
kitti,grad_contrast,grad,roll,deg,0.5,20,40,0.045391,0.021529,0.041673,0.011913,0.1,0.05,0.55375,5,0.028805,0.087,0
kitti,grad_contrast,grad,roll,deg,1,20,40,0.045391,0.021529,0.035565,0.011913,0.175,0.05,0.62125,5,0.028805,0.2695,0
kitti,grad_contrast,grad,roll,deg,2,20,40,0.045391,0.021529,0.026624,0.011913,0.275,0.05,0.73875,5,0.028805,0.6155,0
kitti,grad_contrast,grad,roll,deg,3,20,40,0.045391,0.021529,0.019568,0.011913,0.35,0.05,0.805,5,0.028805,0.8435,0
kitti,grad_contrast,grad,pitch,deg,0.5,20,40,0.045391,0.021529,0.032536,0.011913,0.175,0.05,0.6725,5,0.028805,0.361,0
kitti,grad_contrast,grad,pitch,deg,1,20,40,0.045391,0.021529,0.020619,0.011913,0.4,0.05,0.79125,5,0.028805,0.8105,0
kitti,grad_contrast,grad,pitch,deg,2,20,40,0.045391,0.021529,0.0083298,0.011913,0.6,0.05,0.89875,5,0.028805,0.9965,0
kitti,grad_contrast,grad,pitch,deg,3,20,40,0.045391,0.021529,-0.0055919,0.011913,0.8,0.05,0.9625,5,0.028805,1,0
kitti,grad_contrast,grad,yaw,deg,0.5,20,40,0.045391,0.021529,0.035699,0.011913,0.1,0.05,0.6275,5,0.028805,0.242,0
kitti,grad_contrast,grad,yaw,deg,1,20,40,0.045391,0.021529,0.026399,0.011913,0.225,0.05,0.735,5,0.028805,0.617,0
kitti,grad_contrast,grad,yaw,deg,2,20,40,0.045391,0.021529,0.016586,0.011913,0.425,0.05,0.82375,5,0.028805,0.894,0
kitti,grad_contrast,grad,yaw,deg,3,20,40,0.045391,0.021529,0.011331,0.011913,0.575,0.05,0.86625,5,0.028805,0.9495,0
kitti,grad_contrast,grad,tx,cm,10,20,40,0.045391,0.021529,0.044003,0.011913,0.1,0.05,0.52375,5,0.028805,0.062,0
kitti,grad_contrast,grad,tx,cm,20,20,40,0.045391,0.021529,0.039559,0.011913,0.1,0.05,0.58625,5,0.028805,0.1345,0
kitti,grad_contrast,grad,tz,cm,10,20,40,0.045391,0.021529,0.035096,0.011913,0.125,0.05,0.64125,5,0.028805,0.266,0
kitti,grad_contrast,grad,tz,cm,20,20,40,0.045391,0.021529,0.028455,0.011913,0.2,0.05,0.71875,5,0.028805,0.529,0
kitti,canny_score,canny,roll,deg,0.5,20,40,0.53943,0.079255,0.52481,0.41894,0.125,0.05,0.57125,5,0.48089,0.1135,0
kitti,canny_score,canny,roll,deg,1,20,40,0.53943,0.079255,0.50566,0.41894,0.175,0.05,0.61875,5,0.48089,0.2495,0
kitti,canny_score,canny,roll,deg,2,20,40,0.53943,0.079255,0.47488,0.41894,0.225,0.05,0.7025,5,0.48089,0.542,0
kitti,canny_score,canny,roll,deg,3,20,40,0.53943,0.079255,0.4587,0.41894,0.35,0.05,0.745,5,0.48089,0.71,0
kitti,canny_score,canny,pitch,deg,0.5,20,40,0.53943,0.079255,0.49921,0.41894,0.175,0.05,0.6425,5,0.48089,0.2955,0
kitti,canny_score,canny,pitch,deg,1,20,40,0.53943,0.079255,0.46844,0.41894,0.35,0.05,0.725,5,0.48089,0.6035,0
kitti,canny_score,canny,pitch,deg,2,20,40,0.53943,0.079255,0.43297,0.41894,0.475,0.05,0.80125,5,0.48089,0.8875,0
kitti,canny_score,canny,pitch,deg,3,20,40,0.53943,0.079255,0.39851,0.41894,0.55,0.05,0.8475,5,0.48089,0.9585,0
kitti,canny_score,canny,yaw,deg,0.5,20,40,0.53943,0.079255,0.51361,0.41894,0.1,0.05,0.595,5,0.48089,0.1725,0
kitti,canny_score,canny,yaw,deg,1,20,40,0.53943,0.079255,0.49166,0.41894,0.175,0.05,0.6775,5,0.48089,0.3725,0
kitti,canny_score,canny,yaw,deg,2,20,40,0.53943,0.079255,0.46808,0.41894,0.3,0.05,0.7525,5,0.48089,0.6425,0
kitti,canny_score,canny,yaw,deg,3,20,40,0.53943,0.079255,0.45866,0.41894,0.35,0.05,0.77375,5,0.48089,0.725,0
kitti,canny_score,canny,tx,cm,10,20,40,0.53943,0.079255,0.53556,0.41894,0.05,0.05,0.52875,5,0.48089,0.07,0
kitti,canny_score,canny,tx,cm,20,20,40,0.53943,0.079255,0.52291,0.41894,0.075,0.05,0.5725,5,0.48089,0.1045,0
kitti,canny_score,canny,tz,cm,10,20,40,0.53943,0.079255,0.50621,0.41894,0.2,0.05,0.62625,5,0.48089,0.232,0
kitti,canny_score,canny,tz,cm,20,20,40,0.53943,0.079255,0.4839,0.41894,0.2,0.05,0.69125,5,0.48089,0.462,0
kitti,grad_score,grad,roll,deg,0.5,20,40,0.23199,0.045198,0.22829,0.14881,0.1,0.05,0.5325,5,0.19852,0.0715,0
kitti,grad_score,grad,roll,deg,1,20,40,0.23199,0.045198,0.22168,0.14881,0.125,0.05,0.5675,5,0.19852,0.1575,0
kitti,grad_score,grad,roll,deg,2,20,40,0.23199,0.045198,0.21045,0.14881,0.15,0.05,0.62875,5,0.19852,0.3165,0
kitti,grad_score,grad,roll,deg,3,20,40,0.23199,0.045198,0.20217,0.14881,0.125,0.05,0.6675,5,0.19852,0.4385,0
kitti,grad_score,grad,pitch,deg,0.5,20,40,0.23199,0.045198,0.21837,0.14881,0.1,0.05,0.57875,5,0.19852,0.1915,0
kitti,grad_score,grad,pitch,deg,1,20,40,0.23199,0.045198,0.20353,0.14881,0.175,0.05,0.67375,5,0.19852,0.418,0
kitti,grad_score,grad,pitch,deg,2,20,40,0.23199,0.045198,0.18767,0.14881,0.325,0.05,0.765,5,0.19852,0.747,0
kitti,grad_score,grad,pitch,deg,3,20,40,0.23199,0.045198,0.17293,0.14881,0.375,0.05,0.815,5,0.19852,0.8925,0
kitti,grad_score,grad,yaw,deg,0.5,20,40,0.23199,0.045198,0.22181,0.14881,0.075,0.05,0.56625,5,0.19852,0.1175,0
kitti,grad_score,grad,yaw,deg,1,20,40,0.23199,0.045198,0.21231,0.14881,0.1,0.05,0.62875,5,0.19852,0.2345,0
kitti,grad_score,grad,yaw,deg,2,20,40,0.23199,0.045198,0.20497,0.14881,0.125,0.05,0.6725,5,0.19852,0.3415,0
kitti,grad_score,grad,yaw,deg,3,20,40,0.23199,0.045198,0.20038,0.14881,0.125,0.05,0.70625,5,0.19852,0.464,0
kitti,grad_score,grad,tx,cm,10,20,40,0.23199,0.045198,0.23059,0.14881,0.1,0.05,0.51125,5,0.19852,0.0585,0
kitti,grad_score,grad,tx,cm,20,20,40,0.23199,0.045198,0.22552,0.14881,0.075,0.05,0.54,5,0.19852,0.0905,0
kitti,grad_score,grad,tz,cm,10,20,40,0.23199,0.045198,0.2221,0.14881,0.075,0.05,0.57125,5,0.19852,0.1305,0
kitti,grad_score,grad,tz,cm,20,20,40,0.23199,0.045198,0.21209,0.14881,0.075,0.05,0.62625,5,0.19852,0.248,0
nuscenes,canny_contrast,canny,roll,deg,0.5,80,160,0.039906,0.037664,0.030756,-0.016176,0.06875,0.05,0.56398,5,0.0115,0.136,0
nuscenes,canny_contrast,canny,roll,deg,1,80,160,0.039906,0.037664,0.023883,-0.016176,0.1375,0.05,0.61836,5,0.0115,0.234,0
nuscenes,canny_contrast,canny,roll,deg,2,80,160,0.039906,0.037664,0.016726,-0.016176,0.15,0.05,0.6682,5,0.0115,0.368,0
nuscenes,canny_contrast,canny,roll,deg,3,80,160,0.039906,0.037664,0.0067386,-0.016176,0.25,0.05,0.73914,5,0.0115,0.639,0
nuscenes,canny_contrast,canny,pitch,deg,0.5,80,160,0.039906,0.037664,0.036717,-0.016176,0.05,0.05,0.52641,5,0.0115,0.058,0
nuscenes,canny_contrast,canny,pitch,deg,1,80,160,0.039906,0.037664,0.034116,-0.016176,0.05,0.05,0.54742,5,0.0115,0.0685,0
nuscenes,canny_contrast,canny,pitch,deg,2,80,160,0.039906,0.037664,0.028773,-0.016176,0.10625,0.05,0.58141,5,0.0115,0.1295,0
nuscenes,canny_contrast,canny,pitch,deg,3,80,160,0.039906,0.037664,0.025446,-0.016176,0.10625,0.05,0.61438,5,0.0115,0.1895,0
nuscenes,canny_contrast,canny,yaw,deg,0.5,80,160,0.039906,0.037664,0.029897,-0.016176,0.10625,0.05,0.57305,5,0.0115,0.1425,0
nuscenes,canny_contrast,canny,yaw,deg,1,80,160,0.039906,0.037664,0.018788,-0.016176,0.1875,0.05,0.6575,5,0.0115,0.3375,0
nuscenes,canny_contrast,canny,yaw,deg,2,80,160,0.039906,0.037664,0.0094712,-0.016176,0.2125,0.05,0.72656,5,0.0115,0.566,0
nuscenes,canny_contrast,canny,yaw,deg,3,80,160,0.039906,0.037664,0.0018626,-0.016176,0.24375,0.05,0.77836,5,0.0115,0.7375,0
nuscenes,canny_contrast,canny,tx,cm,10,80,160,0.039906,0.037664,0.035329,-0.016176,0.0625,0.05,0.53766,5,0.0115,0.075,0
nuscenes,canny_contrast,canny,tx,cm,20,80,160,0.039906,0.037664,0.028891,-0.016176,0.09375,0.05,0.57797,5,0.0115,0.125,0
nuscenes,canny_contrast,canny,tz,cm,10,80,160,0.039906,0.037664,0.03651,-0.016176,0.0875,0.05,0.53234,5,0.0115,0.076,0
nuscenes,canny_contrast,canny,tz,cm,20,80,160,0.039906,0.037664,0.026441,-0.016176,0.05625,0.05,0.615,5,0.0115,0.1245,0
nuscenes,grad_contrast,grad,roll,deg,0.5,80,160,0.016572,0.013599,0.014528,-0.0030958,0.0625,0.05,0.5407,5,0.0074619,0.1125,0
nuscenes,grad_contrast,grad,roll,deg,1,80,160,0.016572,0.013599,0.011204,-0.0030958,0.1375,0.05,0.6093,5,0.0074619,0.268,0
nuscenes,grad_contrast,grad,roll,deg,2,80,160,0.016572,0.013599,0.0073511,-0.0030958,0.21875,0.05,0.68906,5,0.0074619,0.5245,0
nuscenes,grad_contrast,grad,roll,deg,3,80,160,0.016572,0.013599,0.0034146,-0.0030958,0.325,0.05,0.77219,5,0.0074619,0.778,0
nuscenes,grad_contrast,grad,pitch,deg,0.5,80,160,0.016572,0.013599,0.015782,-0.0030958,0.06875,0.05,0.52109,5,0.0074619,0.0575,0
nuscenes,grad_contrast,grad,pitch,deg,1,80,160,0.016572,0.013599,0.015064,-0.0030958,0.06875,0.05,0.53742,5,0.0074619,0.0795,0
nuscenes,grad_contrast,grad,pitch,deg,2,80,160,0.016572,0.013599,0.012945,-0.0030958,0.0875,0.05,0.58047,5,0.0074619,0.139,0
nuscenes,grad_contrast,grad,pitch,deg,3,80,160,0.016572,0.013599,0.010671,-0.0030958,0.11875,0.05,0.63016,5,0.0074619,0.289,0
nuscenes,grad_contrast,grad,yaw,deg,0.5,80,160,0.016572,0.013599,0.013182,-0.0030958,0.08125,0.05,0.57289,5,0.0074619,0.163,0
nuscenes,grad_contrast,grad,yaw,deg,1,80,160,0.016572,0.013599,0.0074484,-0.0030958,0.19375,0.05,0.69047,5,0.0074619,0.5125,0
nuscenes,grad_contrast,grad,yaw,deg,2,80,160,0.016572,0.013599,0.0037417,-0.0030958,0.2625,0.05,0.76906,5,0.0074619,0.763,0
nuscenes,grad_contrast,grad,yaw,deg,3,80,160,0.016572,0.013599,0.0008332,-0.0030958,0.34375,0.05,0.81719,5,0.0074619,0.89,0
nuscenes,grad_contrast,grad,tx,cm,10,80,160,0.016572,0.013599,0.014823,-0.0030958,0.09375,0.05,0.53734,5,0.0074619,0.0995,0
nuscenes,grad_contrast,grad,tx,cm,20,80,160,0.016572,0.013599,0.012005,-0.0030958,0.125,0.05,0.60289,5,0.0074619,0.213,0
nuscenes,grad_contrast,grad,tz,cm,10,80,160,0.016572,0.013599,0.015379,-0.0030958,0.05625,0.05,0.53281,5,0.0074619,0.081,0
nuscenes,grad_contrast,grad,tz,cm,20,80,160,0.016572,0.013599,0.011793,-0.0030958,0.04375,0.05,0.61281,5,0.0074619,0.1855,0
nuscenes,canny_score,canny,roll,deg,0.5,80,160,0.2958,0.10352,0.2884,0.15709,0.075,0.05,0.52836,5,0.2261,0.0905,0
nuscenes,canny_score,canny,roll,deg,1,80,160,0.2958,0.10352,0.27807,0.15709,0.0875,0.05,0.55492,5,0.2261,0.127,0
nuscenes,canny_score,canny,roll,deg,2,80,160,0.2958,0.10352,0.2688,0.15709,0.14375,0.05,0.58039,5,0.2261,0.1995,0
nuscenes,canny_score,canny,roll,deg,3,80,160,0.2958,0.10352,0.25282,0.15709,0.2,0.05,0.62328,5,0.2261,0.3025,0
nuscenes,canny_score,canny,pitch,deg,0.5,80,160,0.2958,0.10352,0.29317,0.15709,0.05,0.05,0.51133,5,0.2261,0.0685,0
nuscenes,canny_score,canny,pitch,deg,1,80,160,0.2958,0.10352,0.29143,0.15709,0.0625,0.05,0.51898,5,0.2261,0.079,0
nuscenes,canny_score,canny,pitch,deg,2,80,160,0.2958,0.10352,0.28404,0.15709,0.06875,0.05,0.53914,5,0.2261,0.094,0
nuscenes,canny_score,canny,pitch,deg,3,80,160,0.2958,0.10352,0.2796,0.15709,0.09375,0.05,0.55031,5,0.2261,0.124,0
nuscenes,canny_score,canny,yaw,deg,0.5,80,160,0.2958,0.10352,0.2857,0.15709,0.08125,0.05,0.5268,5,0.2261,0.0995,0
nuscenes,canny_score,canny,yaw,deg,1,80,160,0.2958,0.10352,0.27178,0.15709,0.1,0.05,0.56703,5,0.2261,0.1515,0
nuscenes,canny_score,canny,yaw,deg,2,80,160,0.2958,0.10352,0.26545,0.15709,0.10625,0.05,0.5868,5,0.2261,0.1995,0
nuscenes,canny_score,canny,yaw,deg,3,80,160,0.2958,0.10352,0.26023,0.15709,0.075,0.05,0.60633,5,0.2261,0.235,0
nuscenes,canny_score,canny,tx,cm,10,80,160,0.2958,0.10352,0.29019,0.15709,0.075,0.05,0.5182,5,0.2261,0.076,0
nuscenes,canny_score,canny,tx,cm,20,80,160,0.2958,0.10352,0.2839,0.15709,0.075,0.05,0.53625,5,0.2261,0.111,0
nuscenes,canny_score,canny,tz,cm,10,80,160,0.2958,0.10352,0.29173,0.15709,0.04375,0.05,0.52031,5,0.2261,0.075,0
nuscenes,canny_score,canny,tz,cm,20,80,160,0.2958,0.10352,0.24143,0.15709,0.14375,0.05,0.66312,5,0.2261,0.4125,0
nuscenes,grad_score,grad,roll,deg,0.5,80,160,0.20939,0.026758,0.20695,0.16366,0.0875,0.05,0.52375,5,0.19012,0.09,0
nuscenes,grad_score,grad,roll,deg,1,80,160,0.20939,0.026758,0.2028,0.16366,0.13125,0.05,0.55922,5,0.19012,0.174,0
nuscenes,grad_score,grad,roll,deg,2,80,160,0.20939,0.026758,0.19763,0.16366,0.1875,0.05,0.59859,5,0.19012,0.3155,0
nuscenes,grad_score,grad,roll,deg,3,80,160,0.20939,0.026758,0.19083,0.16366,0.25625,0.05,0.66,5,0.19012,0.4685,0
nuscenes,grad_score,grad,pitch,deg,0.5,80,160,0.20939,0.026758,0.20857,0.16366,0.06875,0.05,0.50969,5,0.19012,0.064,0
nuscenes,grad_score,grad,pitch,deg,1,80,160,0.20939,0.026758,0.20762,0.16366,0.075,0.05,0.5175,5,0.19012,0.086,0
nuscenes,grad_score,grad,pitch,deg,2,80,160,0.20939,0.026758,0.20488,0.16366,0.09375,0.05,0.53953,5,0.19012,0.131,0
nuscenes,grad_score,grad,pitch,deg,3,80,160,0.20939,0.026758,0.20243,0.16366,0.125,0.05,0.55789,5,0.19012,0.176,0
nuscenes,grad_score,grad,yaw,deg,0.5,80,160,0.20939,0.026758,0.20539,0.16366,0.06875,0.05,0.54781,5,0.19012,0.103,0
nuscenes,grad_score,grad,yaw,deg,1,80,160,0.20939,0.026758,0.19867,0.16366,0.1,0.05,0.61508,5,0.19012,0.243,0
nuscenes,grad_score,grad,yaw,deg,2,80,160,0.20939,0.026758,0.1967,0.16366,0.1125,0.05,0.63133,5,0.19012,0.27,0
nuscenes,grad_score,grad,yaw,deg,3,80,160,0.20939,0.026758,0.19393,0.16366,0.1375,0.05,0.65375,5,0.19012,0.3575,0
nuscenes,grad_score,grad,tx,cm,10,80,160,0.20939,0.026758,0.20703,0.16366,0.0625,0.05,0.52492,5,0.19012,0.0925,0
nuscenes,grad_score,grad,tx,cm,20,80,160,0.20939,0.026758,0.20382,0.16366,0.09375,0.05,0.55953,5,0.19012,0.1295,0
nuscenes,grad_score,grad,tz,cm,10,80,160,0.20939,0.026758,0.20803,0.16366,0.05625,0.05,0.51938,5,0.19012,0.0665,0
nuscenes,grad_score,grad,tz,cm,20,80,160,0.20939,0.026758,0.18246,0.16366,0.325,0.05,0.71945,5,0.19012,0.6745,0
