dataset,degradation,level,n_frames,points_kept_pct,inside_fov_pct,object_points_pct,objects_kept_pct,points_per_object,hit_clean_calib_pct,hit_yaw1_pct,contrast_clean_calib,contrast_yaw1,score_available_pct,auc_yaw1
kitti,none,0.0000,20,100.0000,15.7396,100.0000,100.0000,285.0920,99.1816,92.4344,0.1124,0.0655,100.0000,0.7650
kitti,random_dropout,0.9000,20,90.0145,15.7364,90.2189,100.0000,257.2069,99.1822,92.4767,0.1119,0.0671,100.0000,0.7525
kitti,random_dropout,0.7000,20,70.0142,15.7513,70.1770,100.0000,200.0690,99.1957,92.4336,0.1115,0.0668,100.0000,0.7462
kitti,random_dropout,0.5000,20,49.9929,15.6939,49.6069,94.2529,150.0488,99.1304,92.5349,0.1019,0.0677,100.0000,0.7438
kitti,random_dropout,0.3000,20,29.9844,15.7610,29.6496,85.0575,99.3784,99.1161,92.8338,0.1015,0.0664,100.0000,0.7388
kitti,gaussian_noise,0.0200,20,100.0000,15.7561,99.9516,100.0000,284.9540,99.2175,92.5013,0.1030,0.0654,100.0000,0.7712
kitti,gaussian_noise,0.0500,20,100.0000,15.7697,99.4638,100.0000,283.5632,98.9866,92.3328,0.0674,0.0474,100.0000,0.7300
kitti,gaussian_noise,0.1000,20,100.0000,15.8014,96.6980,101.1494,272.5455,98.4198,91.9405,0.0244,0.0182,100.0000,0.6300
kitti,range_dropout,50.0000,20,97.9937,15.4281,98.7663,90.8046,310.0886,99.1836,92.8481,0.1157,0.0670,100.0000,0.7575
kitti,range_dropout,30.0000,20,93.0031,14.6133,93.5572,68.9655,386.7500,99.1554,93.6350,0.1080,0.0593,100.0000,0.7338
kitti,range_dropout,20.0000,20,84.6709,13.4301,68.9715,36.7816,534.5938,99.1290,95.4229,0.1103,0.0499,100.0000,0.7475
kitti,beam_dropout,2.0000,20,47.9926,16.0974,49.2924,93.1034,150.9383,99.0185,92.3237,0.1002,0.0571,100.0000,0.7512
kitti,beam_dropout,3.0000,20,36.8303,16.7330,36.9431,87.3563,120.5658,98.9087,92.7807,0.0980,0.0534,100.0000,0.7662
kitti,beam_dropout,4.0000,20,23.9984,16.2011,25.9888,79.3103,93.4203,98.8210,92.6544,0.0885,0.0473,100.0000,0.7588
kitti,motion_smear,10.0000,20,100.0000,14.4307,47.7442,78.1609,174.1471,98.5560,93.1093,0.0696,0.0605,100.0000,0.5550
kitti,motion_smear,20.0000,20,100.0000,13.2725,25.9525,49.4253,149.6977,99.6582,97.2891,0.0522,0.0492,100.0000,0.4888
kitti,motion_smear,30.0000,20,100.0000,12.2761,18.8203,37.9310,141.4545,99.6787,96.5403,0.0358,0.0389,100.0000,0.4550
nuscenes,none,0.0000,40,100.0000,8.7332,100.0000,100.0000,56.2720,99.2039,96.3748,0.0380,0.0191,100.0000,0.6469
nuscenes,random_dropout,0.9000,40,90.0159,8.7231,88.9537,93.6000,53.4786,99.2009,96.4999,0.0375,0.0212,100.0000,0.6275
nuscenes,random_dropout,0.7000,40,69.9858,8.7320,67.9556,82.4000,46.4078,99.2887,96.6736,0.0350,0.0212,97.5000,0.5998
nuscenes,random_dropout,0.5000,40,49.9413,8.7228,46.9008,70.4000,37.4886,99.2422,96.8778,0.0348,0.0285,95.0000,0.5374
nuscenes,random_dropout,0.3000,40,29.9160,8.7347,24.8934,44.0000,31.8364,99.1433,96.8875,0.0242,0.0231,60.0000,0.5370
nuscenes,gaussian_noise,0.0200,40,100.0000,8.7260,99.8578,99.2000,56.6452,99.4448,96.5903,0.0374,0.0217,100.0000,0.6228
nuscenes,gaussian_noise,0.0500,40,100.0000,8.7209,99.6872,99.2000,56.5484,99.5294,96.5987,0.0173,0.0085,100.0000,0.5828
nuscenes,gaussian_noise,0.1000,40,100.0000,8.7565,98.4362,100.0000,55.3920,99.5523,96.2377,-0.0052,-0.0067,100.0000,0.5294
nuscenes,range_dropout,50.0000,40,97.9245,8.3540,100.0000,100.0000,56.2720,99.2039,96.3748,0.0368,0.0147,100.0000,0.6079
nuscenes,range_dropout,30.0000,40,91.7676,7.1556,95.2943,89.6000,59.8482,99.1646,96.5687,0.0450,0.0270,87.5000,0.5959
nuscenes,range_dropout,20.0000,40,84.7163,6.1980,73.1305,49.6000,82.9677,98.9114,96.9576,0.0272,0.0209,30.0000,0.5417
nuscenes,beam_dropout,2.0000,40,52.4238,7.8242,48.3651,70.4000,38.6591,98.5597,96.1199,0.0244,0.0140,100.0000,0.5653
nuscenes,beam_dropout,3.0000,40,36.8499,7.3229,30.7791,54.4000,31.8382,99.7691,97.3903,0.0149,0.0041,90.0000,0.5708
nuscenes,beam_dropout,4.0000,40,28.1940,6.7451,20.1734,38.4000,29.5625,99.7181,97.3221,0.0306,0.0116,50.0000,0.5730
nuscenes,motion_smear,10.0000,40,100.0000,7.9445,46.7017,68.8000,38.1977,98.9041,96.4688,0.0313,0.0205,100.0000,0.5931
nuscenes,motion_smear,20.0000,40,100.0000,7.2657,21.9505,45.6000,27.0877,99.4819,96.5674,0.0224,0.0186,100.0000,0.5356
nuscenes,motion_smear,30.0000,40,100.0000,6.6516,15.3682,30.4000,28.4474,99.6300,96.4385,0.0182,0.0200,100.0000,0.5150
