dataset,frame_id,degradation,level,n_points,n_inside,n_objects,n_object_points,hit_clean_calib,hit_yaw_p,hit_yaw_m,contrast_clean_calib,contrast_yaw_p,contrast_yaw_m,n_edge_clean_calib
kitti,000001,none,0,120268,18630,1,76,75,41,50,0.160532,0.102671,0.160259,1241
kitti,000001,random_dropout,0.9,108199,16756,1,70,69,37,46,0.158504,0.100259,0.162592,1101
kitti,000001,random_dropout,0.7,84210,13052,1,57,57,32,36,0.16182,0.103253,0.169774,772
kitti,000001,random_dropout,0.5,60175,9319,1,38,38,22,23,0.143626,0.0883244,0.15313,862
kitti,000001,random_dropout,0.3,36144,5613,1,18,18,9,13,0.138243,0.0849559,0.129984,494
kitti,000001,gaussian_noise,0.02,120268,18646,1,74,74,41,48,0.132501,0.103298,0.145919,1451
kitti,000001,gaussian_noise,0.05,120268,18627,1,72,72,41,44,0.0867797,0.0716948,0.101861,2113
kitti,000001,gaussian_noise,0.1,120268,18678,1,68,67,39,42,0.0309627,0.0350428,0.0333819,4341
kitti,000001,range_dropout,50,118600,18036,0,0,0,0,0,0.174754,0.107934,0.175678,1160
kitti,000001,range_dropout,30,106295,15775,0,0,0,0,0,0.186105,0.0922845,0.19532,894
kitti,000001,range_dropout,20,94125,13133,0,0,0,0,0,0.219722,0.117297,0.185606,484
kitti,000001,beam_dropout,2,58875,9762,1,34,33,18,23,0.114444,0.0563848,0.138768,480
kitti,000001,beam_dropout,3,43167,7258,1,16,16,10,11,0.114063,0.0454873,0.138065,443
kitti,000001,beam_dropout,4,28770,4940,1,13,13,8,8,0.0450083,0.00846308,0.0934146,282
kitti,000001,motion_smear,10,120268,17165,0,0,0,0,0,0.115059,0.0942654,0.149612,1005
kitti,000001,motion_smear,20,120268,15820,0,0,0,0,0,0.112112,0.0515741,0.136361,890
kitti,000001,motion_smear,30,120268,14665,0,0,0,0,0,0.0981863,0.055656,0.120625,878
kitti,000004,none,0,115976,19063,2,93,93,74,70,0.104214,0.0396798,0.0942675,1076
kitti,000004,random_dropout,0.9,104393,17102,2,84,84,66,65,0.102572,0.0424724,0.102776,900
kitti,000004,random_dropout,0.7,81291,13335,2,67,67,50,55,0.109398,0.043309,0.108722,628
kitti,000004,random_dropout,0.5,58336,9554,2,51,51,42,40,0.12059,0.0581051,0.119482,834
kitti,000004,random_dropout,0.3,35039,5722,2,32,32,25,25,0.109978,0.0443456,0.122482,482
kitti,000004,gaussian_noise,0.02,115976,19074,2,93,93,72,72,0.107243,0.0394388,0.102754,1381
kitti,000004,gaussian_noise,0.05,115976,19105,2,92,92,71,71,0.0765232,0.0343335,0.0775899,2049
kitti,000004,gaussian_noise,0.1,115976,19134,2,93,93,72,72,0.0284162,0.016471,0.0318801,4617
kitti,000004,range_dropout,50,113905,17631,1,67,67,57,53,0.124442,0.0612506,0.123847,898
kitti,000004,range_dropout,30,106871,14310,0,0,0,0,0,0.166178,0.0798512,0.1913,446
kitti,000004,range_dropout,20,95373,11245,0,0,0,0,0,0.161523,0.0536963,0.192575,353
kitti,000004,beam_dropout,2,58005,9965,2,66,66,52,49,0.130881,0.0197333,0.102581,438
kitti,000004,beam_dropout,3,41605,7566,1,25,25,21,20,0.0998466,0.0177882,0.0931364,358
kitti,000004,beam_dropout,4,28720,5056,2,45,45,34,33,0.129228,0.0100071,0.104719,289
kitti,000004,motion_smear,10,115976,17704,2,47,47,45,31,0.0909959,0.0493032,0.0876272,1010
kitti,000004,motion_smear,20,115976,16464,1,29,29,28,25,0.0445857,0.018969,0.0565895,872
kitti,000004,motion_smear,30,115976,15416,1,19,19,19,19,0.0175311,-0.0205543,0.0384673,818
kitti,000007,none,0,122798,19423,3,213,213,153,156,0.0647364,0.0478261,0.0361867,1249
kitti,000007,random_dropout,0.9,110418,17497,3,197,197,145,145,0.0664439,0.0457833,0.0344128,1073
kitti,000007,random_dropout,0.7,85910,13610,3,155,155,114,111,0.0679752,0.0369439,0.0454255,765
kitti,000007,random_dropout,0.5,61538,9680,3,109,109,79,77,0.0870917,0.0853288,0.0538121,941
kitti,000007,random_dropout,0.3,36822,5854,2,65,65,43,46,0.10632,0.103925,0.0476805,575
kitti,000007,gaussian_noise,0.02,122798,19436,3,214,214,151,157,0.0833283,0.0564497,0.0627777,1502
kitti,000007,gaussian_noise,0.05,122798,19451,3,209,207,147,153,0.0620324,0.039576,0.0491327,2199
kitti,000007,gaussian_noise,0.1,122798,19473,3,204,198,142,152,0.0243891,0.0213698,0.0192345,4597
kitti,000007,range_dropout,50,118649,17758,3,213,213,153,156,0.0842679,0.0694714,0.0610215,1028
kitti,000007,range_dropout,30,107960,14770,1,169,169,131,137,0.0835603,0.0679929,0.0740509,527
kitti,000007,range_dropout,20,90768,11241,0,0,0,0,0,0.0727663,0.0313587,0.0537588,512
kitti,000007,beam_dropout,2,59994,9906,3,120,120,84,88,0.0461554,0.0355103,0.072582,513
kitti,000007,beam_dropout,3,44023,7959,1,45,45,32,36,0.0503192,0.0217698,0.0474355,493
kitti,000007,beam_dropout,4,30087,5004,2,79,79,58,62,0.0208723,0.0104306,0.0279959,376
kitti,000007,motion_smear,10,122798,17942,2,74,74,43,55,0.0568459,0.0397313,0.0349305,1134
kitti,000007,motion_smear,20,122798,16747,1,11,10,11,9,0.0408555,0.0355527,0.0300942,1083
kitti,000007,motion_smear,30,122798,15688,0,0,0,0,0,-0.00731254,0.0245817,0.0174554,1058
kitti,000008,none,0,122555,17238,4,2464,2464,2417,2393,0.0965297,0.0360086,0.0668545,1697
kitti,000008,random_dropout,0.9,110146,15461,4,2230,2230,2192,2165,0.0889665,0.0340472,0.06489,1431
kitti,000008,random_dropout,0.7,85706,12012,4,1705,1705,1675,1658,0.0896706,0.0273589,0.0712347,984
kitti,000008,random_dropout,0.5,61183,8557,4,1214,1214,1193,1187,0.0736381,0.0204379,0.0535641,885
kitti,000008,random_dropout,0.3,36687,5144,3,739,739,727,726,0.0698478,0.0126526,0.0568038,506
kitti,000008,gaussian_noise,0.02,122555,17244,4,2473,2468,2422,2398,0.0888147,0.034619,0.0612348,1916
kitti,000008,gaussian_noise,0.05,122555,17230,4,2462,2452,2403,2379,0.0558154,0.033443,0.0390007,2449
kitti,000008,gaussian_noise,0.1,122555,17273,4,2378,2363,2309,2290,0.0200452,0.0104402,0.00564021,3872
kitti,000008,range_dropout,50,121572,16811,4,2464,2464,2417,2393,0.0983189,0.0329286,0.0678032,1633
kitti,000008,range_dropout,30,119313,16082,3,2423,2423,2386,2357,0.0951011,0.0327305,0.0698403,1510
kitti,000008,range_dropout,20,110400,14219,2,2223,2223,2209,2188,0.0967306,0.0312472,0.0728438,1266
kitti,000008,beam_dropout,2,56547,8198,4,1390,1390,1370,1348,0.0937578,0.0360487,0.0797769,681
kitti,000008,beam_dropout,3,46884,7099,4,809,809,794,782,0.0727508,0.0456931,0.0428036,830
kitti,000008,beam_dropout,4,28966,3951,4,725,725,715,708,0.0814326,0.0222858,0.0782838,361
kitti,000008,motion_smear,10,122555,15230,4,937,936,926,905,0.0308886,0.0268576,0.0430261,1371
kitti,000008,motion_smear,20,122555,13634,2,314,314,314,314,0.030651,0.0322874,0.0470805,1266
kitti,000008,motion_smear,30,122555,12399,2,231,231,231,231,0.0405524,0.0508078,0.0337658,1253
kitti,000009,none,0,123928,19411,1,184,184,149,148,0.0405478,0.100548,-0.0484196,781
kitti,000009,random_dropout,0.9,111505,17470,1,167,167,134,133,0.0395479,0.103596,-0.0465778,689
kitti,000009,random_dropout,0.7,86679,13652,1,128,128,105,103,0.0449675,0.104528,-0.0397285,469
kitti,000009,random_dropout,0.5,61526,9677,1,88,88,73,67,0.0977892,0.119311,0.0252537,657
kitti,000009,random_dropout,0.3,36733,5814,1,47,47,39,33,0.106664,0.115976,0.0198742,381
kitti,000009,gaussian_noise,0.02,123928,19443,1,184,184,148,148,0.0653698,0.101516,-0.0135323,1041
kitti,000009,gaussian_noise,0.05,123928,19471,1,185,184,151,148,0.0354548,0.0596949,0.00426763,1695
kitti,000009,gaussian_noise,0.1,123928,19532,1,175,172,141,140,0.0121471,0.0210046,0.00692731,4355
kitti,000009,range_dropout,50,121156,18146,1,184,184,149,148,0.0432598,0.11147,-0.046217,584
kitti,000009,range_dropout,30,113611,14793,1,184,184,149,148,0.033235,0.114599,-0.0762088,373
kitti,000009,range_dropout,20,98176,11020,0,0,0,0,0,0.1069,0.163693,-0.00758657,385
kitti,000009,beam_dropout,2,62209,10393,1,120,120,100,99,0.0713457,0.122278,-0.0482437,351
kitti,000009,beam_dropout,3,46677,8089,1,41,41,31,30,0.0704638,0.121537,-0.0529752,295
kitti,000009,beam_dropout,4,31424,5229,1,80,80,65,64,0.13185,0.137308,0.00822073,181
kitti,000009,motion_smear,10,123928,17999,1,26,26,19,16,0.0287807,0.0801344,-0.0530128,679
kitti,000009,motion_smear,20,123928,16731,0,0,0,0,0,0.0277489,0.0628248,-0.0255231,633
kitti,000009,motion_smear,30,123928,15657,0,0,0,0,0,-0.00142291,0.0472285,-0.0590853,587
kitti,000010,none,0,115875,16464,8,1679,1679,1612,1573,0.141332,0.104287,0.093729,1010
kitti,000010,random_dropout,0.9,104271,14781,8,1526,1526,1466,1431,0.139682,0.104821,0.0905251,871
kitti,000010,random_dropout,0.7,81179,11551,8,1197,1197,1155,1123,0.108524,0.0796905,0.0765806,990
kitti,000010,random_dropout,0.5,58043,8177,6,810,810,790,758,0.10723,0.082538,0.075217,615
kitti,000010,random_dropout,0.3,34760,4991,5,495,495,485,470,0.0931221,0.0779489,0.071552,440
kitti,000010,gaussian_noise,0.02,115875,16488,8,1679,1678,1615,1571,0.114375,0.0943181,0.0832211,1122
kitti,000010,gaussian_noise,0.05,115875,16497,8,1660,1658,1597,1549,0.0810232,0.0652899,0.0536521,1584
kitti,000010,gaussian_noise,0.1,115875,16541,8,1597,1590,1525,1488,0.0318888,0.018888,0.0219043,3493
kitti,000010,range_dropout,50,109281,15772,8,1679,1679,1612,1573,0.138213,0.085353,0.0911216,845
kitti,000010,range_dropout,30,101944,13594,7,1652,1652,1591,1555,0.0494431,0.0102061,0.0291612,411
kitti,000010,range_dropout,20,90574,11592,2,1317,1317,1306,1282,-0.0632834,-0.109128,-0.112404,255
kitti,000010,beam_dropout,2,57183,8674,7,801,801,771,755,0.130347,0.0945571,0.109732,523
kitti,000010,beam_dropout,3,40697,6407,6,535,535,517,493,0.172048,0.133882,0.109328,374
kitti,000010,beam_dropout,4,29279,4293,4,387,387,376,376,0.11209,0.0281188,0.108524,298
kitti,000010,motion_smear,10,115875,15164,6,878,878,854,817,0.128663,0.0699083,0.0890954,927
kitti,000010,motion_smear,20,115875,13996,5,343,343,338,328,0.126372,0.0795225,0.0887143,886
kitti,000010,motion_smear,30,115875,13076,4,195,195,192,194,0.0833239,0.0728779,0.0753336,868
kitti,000011,none,0,108004,19946,5,463,463,320,332,0.119788,0.0709973,0.0238594,843
kitti,000011,random_dropout,0.9,97267,17941,5,428,428,293,305,0.1181,0.0708529,0.0267662,715
kitti,000011,random_dropout,0.7,75599,13930,5,327,327,222,230,0.125122,0.0784583,0.0204238,506
kitti,000011,random_dropout,0.5,53882,9832,5,230,230,158,165,0.115028,0.085742,0.0508044,556
kitti,000011,random_dropout,0.3,32198,5908,4,132,132,91,96,0.126932,0.103253,0.0490955,325
kitti,000011,gaussian_noise,0.02,108004,19981,5,465,461,320,329,0.0939849,0.0581612,0.0257266,1010
kitti,000011,gaussian_noise,0.05,108004,20006,5,466,459,327,324,0.0467795,0.0240203,0.0164718,1749
kitti,000011,gaussian_noise,0.1,108004,20076,5,464,449,328,314,-0.00576316,-0.0131675,-0.0129083,4341
kitti,000011,range_dropout,50,106971,19435,5,463,463,320,332,0.117813,0.0623822,0.0187367,742
kitti,000011,range_dropout,30,103211,17381,4,423,423,317,323,0.135963,0.0766897,-0.000802308,511
kitti,000011,range_dropout,20,95499,13029,3,245,245,166,183,0.159102,0.0767704,-0.0363756,284
kitti,000011,beam_dropout,2,50708,9762,4,195,195,129,136,0.121569,0.0687961,0.0329576,470
kitti,000011,beam_dropout,3,41229,7593,5,142,142,103,106,0.0787721,0.0548614,0.048124,371
kitti,000011,beam_dropout,4,25209,4888,3,93,93,70,78,0.11776,0.0983842,0.0142359,300
kitti,000011,motion_smear,10,108004,18446,2,165,161,147,114,0.033436,0.0976906,0.0195148,970
kitti,000011,motion_smear,20,108004,17165,2,93,90,84,55,0.013151,0.0435497,-0.00257155,1030
kitti,000011,motion_smear,30,108004,15987,1,68,68,60,47,0.0171259,0.0225871,0.0293905,973
kitti,000012,none,0,120007,18705,2,55,55,35,30,0.185453,0.072304,0.111098,996
kitti,000012,random_dropout,0.9,108003,16876,2,52,52,32,29,0.185001,0.0777316,0.116749,869
kitti,000012,random_dropout,0.7,83976,13116,2,37,37,22,21,0.186992,0.0756803,0.130106,601
kitti,000012,random_dropout,0.5,59877,9277,1,18,18,8,10,0.189069,0.105702,0.140908,779
kitti,000012,random_dropout,0.3,36016,5593,1,11,11,4,7,0.172837,0.0996224,0.139557,450
kitti,000012,gaussian_noise,0.02,120007,18705,2,55,55,35,30,0.175937,0.0982289,0.126633,1228
kitti,000012,gaussian_noise,0.05,120007,18713,2,55,55,35,30,0.10846,0.0627804,0.0863459,1943
kitti,000012,gaussian_noise,0.1,120007,18738,2,54,54,35,29,0.0328313,0.00874856,0.0282172,4716
kitti,000012,range_dropout,50,112498,16897,0,0,0,0,0,0.19337,0.0845473,0.125579,760
kitti,000012,range_dropout,30,98341,13122,0,0,0,0,0,0.129074,-0.0148637,0.0696362,199
kitti,000012,range_dropout,20,82771,10429,0,0,0,0,0,0.187211,-0.0875422,0.135141,93
kitti,000012,beam_dropout,2,59252,8469,1,24,24,14,15,0.159461,0.0807667,0.0960258,430
kitti,000012,beam_dropout,3,42197,6185,0,0,0,0,0,0.166328,-0.0322819,0.0224843,291
kitti,000012,beam_dropout,4,30695,4403,1,21,21,11,15,0.159558,0.0543391,0.0508319,261
kitti,000012,motion_smear,10,120007,17410,1,21,21,14,10,0.0578003,0.0469112,0.0602154,1323
kitti,000012,motion_smear,20,120007,16250,1,18,18,11,10,0.0440406,0.0895624,0.0447491,1445
kitti,000012,motion_smear,30,120007,15099,1,17,17,11,10,0.0640805,0.0903349,0.0349074,1215
kitti,000015,none,0,122583,18334,4,542,514,269,444,0.073392,0.0620166,0.0560653,2100
kitti,000015,random_dropout,0.9,110286,16434,4,478,453,246,396,0.0747247,0.0620866,0.0580205,1822
kitti,000015,random_dropout,0.7,85803,12771,4,381,360,204,312,0.0744982,0.0630701,0.0555494,1271
kitti,000015,random_dropout,0.5,61324,9092,4,281,266,155,238,0.0800149,0.0587316,0.061204,1094
kitti,000015,random_dropout,0.3,36759,5528,4,163,154,89,136,0.076541,0.0771602,0.061228,644
kitti,000015,gaussian_noise,0.02,122583,18363,4,544,515,279,445,0.074604,0.0568762,0.059447,2302
kitti,000015,gaussian_noise,0.05,122583,18385,4,537,503,272,441,0.0536037,0.0465324,0.0490596,2934
kitti,000015,gaussian_noise,0.1,122583,18421,4,536,482,274,426,0.0300668,0.0334484,0.0293835,4726
kitti,000015,range_dropout,50,121902,18093,4,542,514,269,444,0.0728697,0.0588207,0.05394,1971
kitti,000015,range_dropout,30,119613,17296,4,542,514,269,444,0.0662729,0.0538075,0.044373,1645
kitti,000015,range_dropout,20,113437,15529,1,352,344,243,341,0.0575145,0.0454298,0.0371151,1302
kitti,000015,beam_dropout,2,58129,8932,4,282,270,144,228,0.0750939,0.0615739,0.0657774,814
kitti,000015,beam_dropout,3,45756,7402,4,193,183,100,161,0.0845625,0.0739825,0.0572898,744
kitti,000015,beam_dropout,4,29221,4402,4,172,164,86,138,0.0734496,0.070586,0.0617634,570
kitti,000015,motion_smear,10,122583,16750,4,441,420,302,302,0.068556,0.066044,0.063052,2093
kitti,000015,motion_smear,20,122583,15065,0,0,0,0,0,0.0563419,0.0698153,0.0609272,1987
kitti,000015,motion_smear,30,122583,13622,0,0,0,0,0,0.0497313,0.0374783,0.0679027,1852
kitti,000016,none,0,113070,17868,4,2068,2068,1988,2028,0.186308,0.145847,0.161388,947
kitti,000016,random_dropout,0.9,102066,16158,4,1868,1868,1792,1833,0.187297,0.147184,0.166898,849
kitti,000016,random_dropout,0.7,79446,12614,4,1467,1467,1400,1439,0.186836,0.152095,0.157066,591
kitti,000016,random_dropout,0.5,56688,9003,4,1015,1015,965,995,0.163936,0.136844,0.13512,642
kitti,000016,random_dropout,0.3,34045,5432,2,622,622,605,611,0.163805,0.131735,0.153027,377
kitti,000016,gaussian_noise,0.02,113070,17892,4,2066,2066,1988,2027,0.166872,0.124119,0.155961,1102
kitti,000016,gaussian_noise,0.05,113070,17927,4,2062,2062,1986,2027,0.0978628,0.0795152,0.091118,1739
kitti,000016,gaussian_noise,0.1,113070,17932,4,2013,2013,1942,1981,0.0345031,0.0204787,0.0312268,4127
kitti,000016,range_dropout,50,107532,16880,4,2068,2068,1988,2028,0.209272,0.170387,0.170242,738
kitti,000016,range_dropout,30,97246,15122,1,1599,1599,1556,1599,0.179334,0.136389,0.160573,319
kitti,000016,range_dropout,20,86970,11761,0,0,0,0,0,0.12783,0.149107,0.161129,129
kitti,000016,beam_dropout,2,55553,9030,2,961,961,926,945,0.142426,0.140117,0.0912865,432
kitti,000016,beam_dropout,3,40041,6765,3,904,904,871,887,0.141262,0.142149,0.0803173,362
kitti,000016,beam_dropout,4,28181,4700,2,528,528,506,524,0.143029,0.103457,0.0985604,227
kitti,000016,motion_smear,10,113070,16303,1,1586,1586,1586,1576,0.139762,0.10846,0.124199,825
kitti,000016,motion_smear,20,113070,14982,1,1246,1246,1245,1244,0.134645,0.115249,0.120536,758
kitti,000016,motion_smear,30,113070,13888,1,609,609,609,609,0.0762973,0.0756901,0.0854723,728
kitti,000019,none,0,115697,18792,3,1178,1178,1129,1135,0.144513,0.00770855,0.0840905,472
kitti,000019,random_dropout,0.9,104183,16936,3,1049,1049,1005,1008,0.138655,0.00887513,0.086265,405
kitti,000019,random_dropout,0.7,80901,13190,3,821,821,791,788,0.126847,0.0151388,0.0769095,293
kitti,000019,random_dropout,0.5,57834,9453,2,596,596,578,578,0.111391,0.0255682,0.0582917,403
kitti,000019,random_dropout,0.3,34649,5631,2,370,370,361,360,0.0856702,0.0202456,0.0437114,266
kitti,000019,gaussian_noise,0.02,115697,18807,3,1176,1174,1127,1130,0.102494,0.0166869,0.0646595,641
kitti,000019,gaussian_noise,0.05,115697,18799,3,1179,1174,1126,1131,0.0482159,0.0135767,0.0464233,1111
kitti,000019,gaussian_noise,0.1,115697,18838,3,1176,1161,1116,1114,0.0189331,-0.000923187,0.0165109,2746
kitti,000019,range_dropout,50,113275,18175,2,1157,1157,1122,1123,0.144611,-0.00179148,0.0598029,385
kitti,000019,range_dropout,30,109185,16949,1,1058,1058,1049,1050,0.154782,0.00915846,0.0562232,294
kitti,000019,range_dropout,20,102004,15679,1,1058,1058,1049,1050,0.1944,0.0474189,0.0632164,207
kitti,000019,beam_dropout,2,53128,8516,3,627,627,597,601,0.153193,-0.0471937,0.0915596,174
kitti,000019,beam_dropout,3,43157,7571,2,445,445,432,430,0.116624,-0.0262553,0.0833069,157
kitti,000019,beam_dropout,4,25739,4093,3,326,326,310,314,0.141194,-0.0507208,0.0984543,129
kitti,000019,motion_smear,10,115697,16615,1,488,488,488,475,0.0601161,0.102439,0.0105325,481
kitti,000019,motion_smear,20,115697,14710,1,268,268,268,266,0.0207865,0.0249848,0.013708,401
kitti,000019,motion_smear,30,115697,13183,1,149,149,149,149,0.007191,-0.0168695,0.015373,363
kitti,000021,none,0,125260,19824,7,2242,2241,2182,2097,0.139735,0.11796,0.0310413,547
kitti,000021,random_dropout,0.9,112884,17852,7,2041,2040,1990,1908,0.137483,0.115781,0.0316468,486
kitti,000021,random_dropout,0.7,87940,13887,7,1572,1571,1533,1465,0.149641,0.110054,0.0472524,354
kitti,000021,random_dropout,0.5,62809,9854,7,1093,1093,1064,1026,0.0808882,0.0854983,0.0104758,324
kitti,000021,random_dropout,0.3,37821,6039,6,630,630,609,604,0.0865609,0.0786047,0.0184691,181
kitti,000021,gaussian_noise,0.02,125260,19851,7,2246,2244,2187,2101,0.145191,0.107874,0.035193,607
kitti,000021,gaussian_noise,0.05,125260,19842,7,2235,2231,2172,2095,0.0848601,0.0573762,0.0324531,1102
kitti,000021,gaussian_noise,0.1,125260,19873,7,2184,2179,2127,2054,0.030804,0.0210512,0.0221863,3299
kitti,000021,range_dropout,50,124090,19674,7,2242,2241,2182,2097,0.138954,0.106031,0.0198073,491
kitti,000021,range_dropout,30,121567,18688,5,2168,2167,2113,2052,0.131283,0.102841,0.0392444,379
kitti,000021,range_dropout,20,113994,15689,2,978,978,978,933,0.105022,0.072978,0.0274989,241
kitti,000021,beam_dropout,2,60541,9375,7,1133,1132,1106,1057,0.159873,0.128934,0.0372576,204
kitti,000021,beam_dropout,3,46051,7478,6,910,909,885,849,0.123833,0.126142,0.0201087,162
kitti,000021,beam_dropout,4,30057,5028,5,626,626,612,604,0.113578,0.0837287,0.0436928,131
kitti,000021,motion_smear,10,125260,18160,7,963,962,936,886,0.100348,0.104768,0.0293441,460
kitti,000021,motion_smear,20,125260,16794,6,725,721,720,662,0.0393795,0.0647629,0.0277653,471
kitti,000021,motion_smear,30,125260,15566,5,513,511,510,475,-0.0170432,0.0386753,0.0260243,465
kitti,000023,none,0,120412,18587,2,94,93,53,63,0.140207,0.0931479,0.165113,1358
kitti,000023,random_dropout,0.9,108499,16834,2,87,86,49,58,0.141681,0.0976881,0.157353,1212
kitti,000023,random_dropout,0.7,84064,13098,2,66,65,36,45,0.138128,0.100221,0.163212,852
kitti,000023,random_dropout,0.5,59875,9248,1,33,32,22,18,0.109921,0.0942476,0.156278,884
kitti,000023,random_dropout,0.3,35884,5524,1,19,18,13,11,0.108281,0.0892803,0.134227,507
kitti,000023,gaussian_noise,0.02,120412,18627,2,93,93,53,63,0.125598,0.098058,0.163448,1569
kitti,000023,gaussian_noise,0.05,120412,18632,2,92,92,52,63,0.0884197,0.0697679,0.1136,2160
kitti,000023,gaussian_noise,0.1,120412,18682,2,88,88,51,60,0.0372229,0.0391847,0.039662,4423
kitti,000023,range_dropout,50,118864,18045,0,0,0,0,0,0.153856,0.102351,0.186084,1267
kitti,000023,range_dropout,30,106694,15785,0,0,0,0,0,0.163371,0.0968034,0.203173,1001
kitti,000023,range_dropout,20,93996,13073,0,0,0,0,0,0.178477,0.115946,0.205889,588
kitti,000023,beam_dropout,2,58825,9623,2,45,45,25,33,0.0917237,0.0460135,0.149688,524
kitti,000023,beam_dropout,3,43259,7245,1,22,22,14,13,0.111432,0.075115,0.150526,499
kitti,000023,beam_dropout,4,28701,4959,2,27,27,15,22,0.0489101,0.020625,0.101474,307
kitti,000023,motion_smear,10,120412,17097,0,0,0,0,0,0.137955,0.110646,0.167556,1146
kitti,000023,motion_smear,20,120412,15733,0,0,0,0,0,0.117724,0.0735787,0.137759,957
kitti,000023,motion_smear,30,120412,14568,0,0,0,0,0,0.125261,0.0888741,0.145568,909
kitti,000025,none,0,115780,17529,4,1483,1479,1390,1439,0.0816594,0.0852284,0.024362,1282
kitti,000025,random_dropout,0.9,104342,15808,4,1345,1342,1262,1301,0.0837687,0.0881492,0.0279632,1120
kitti,000025,random_dropout,0.7,81068,12241,4,1037,1034,967,1008,0.0871317,0.0922881,0.0348904,771
kitti,000025,random_dropout,0.5,57854,8761,4,730,727,683,710,0.0583634,0.0623713,0.0321237,678
kitti,000025,random_dropout,0.3,34799,5288,4,440,437,412,429,0.0550512,0.0563062,0.0182459,432
kitti,000025,gaussian_noise,0.02,115780,17546,4,1485,1481,1386,1441,0.0642545,0.0607401,0.0198201,1462
kitti,000025,gaussian_noise,0.05,115780,17548,4,1479,1475,1382,1433,0.0439755,0.0411716,0.0150965,1864
kitti,000025,gaussian_noise,0.1,115780,17552,4,1447,1441,1343,1397,0.0122049,0.0146995,0.000293344,3492
kitti,000025,range_dropout,50,114859,16993,4,1483,1479,1390,1439,0.0865808,0.0877733,0.0207187,1183
kitti,000025,range_dropout,30,112832,16205,4,1480,1476,1388,1436,0.0794374,0.0868497,0.0121515,1028
kitti,000025,range_dropout,20,102329,14900,2,1385,1385,1344,1344,0.0775929,0.084018,0.0216119,841
kitti,000025,beam_dropout,2,53733,8058,4,714,711,656,694,0.0564089,0.049713,0.010469,457
kitti,000025,beam_dropout,3,44766,7040,4,515,513,485,502,0.0613717,0.0701989,-0.00210541,535
kitti,000025,beam_dropout,4,27557,3902,3,323,322,299,311,0.0364738,0.0606916,0.0254902,268
kitti,000025,motion_smear,10,115780,16011,4,552,551,518,541,0.0481165,0.0367884,0.0334116,1151
kitti,000025,motion_smear,20,115780,14707,2,282,282,279,282,0.0450186,0.0618997,0.0152657,1018
kitti,000025,motion_smear,30,115780,13660,2,188,188,188,188,0.0490876,0.0554247,0.0349131,951
kitti,000031,none,0,121291,18896,6,2983,2982,2808,2838,0.150921,0.0732566,0.0544447,1353
kitti,000031,random_dropout,0.9,109139,17023,6,2683,2683,2526,2557,0.154381,0.0831912,0.0548595,1176
kitti,000031,random_dropout,0.7,85008,13306,6,2086,2086,1958,1992,0.157064,0.0879037,0.0531334,861
kitti,000031,random_dropout,0.5,60943,9553,6,1489,1489,1405,1422,0.1421,0.0790183,0.0524373,799
kitti,000031,random_dropout,0.3,36577,5679,6,862,862,814,821,0.149631,0.0892289,0.0642788,437
kitti,000031,gaussian_noise,0.02,121291,18911,6,2977,2973,2800,2828,0.141692,0.0543092,0.0604781,1534
kitti,000031,gaussian_noise,0.05,121291,18943,6,2973,2961,2795,2812,0.109829,0.0451342,0.0555353,2032
kitti,000031,gaussian_noise,0.1,121291,18976,6,2904,2877,2723,2743,0.052698,0.0268467,0.028369,3861
kitti,000031,range_dropout,50,120553,18626,5,2949,2949,2786,2822,0.144771,0.0645382,0.0449643,1272
kitti,000031,range_dropout,30,115151,17038,5,2949,2949,2786,2822,0.141754,0.0604939,0.0374338,942
kitti,000031,range_dropout,20,108202,12457,3,2430,2430,2335,2385,0.155461,0.03836,0.00662479,335
kitti,000031,beam_dropout,2,56968,9148,6,1388,1387,1312,1313,0.141236,0.0512198,0.0313367,489
kitti,000031,beam_dropout,3,45833,7793,6,1142,1142,1083,1097,0.125603,0.0588353,0.0562462,604
kitti,000031,beam_dropout,4,27999,4596,6,828,827,790,779,0.11736,0.0280482,0.0434546,418
kitti,000031,motion_smear,10,121291,17267,5,1293,1286,1198,1219,0.112558,0.0888477,0.0821349,1227
kitti,000031,motion_smear,20,121291,15889,5,742,738,693,699,0.0932243,0.068036,0.0736081,1195
kitti,000031,motion_smear,30,121291,14849,5,572,570,524,531,0.076969,0.0731493,0.0560005,1254
kitti,000032,none,0,118661,19535,10,4882,4882,4779,4734,0.0970808,0.0754233,0.0290735,1483
kitti,000032,random_dropout,0.9,106531,17536,10,4398,4398,4303,4265,0.0956917,0.0773085,0.0306452,1319
kitti,000032,random_dropout,0.7,82946,13623,10,3406,3406,3341,3294,0.0963539,0.0768862,0.0208119,933
kitti,000032,random_dropout,0.5,59273,9675,10,2415,2415,2373,2332,0.0856842,0.0676689,0.0157749,738
kitti,000032,random_dropout,0.3,35430,5813,10,1443,1443,1419,1390,0.0742325,0.0493028,0.00826454,437
kitti,000032,gaussian_noise,0.02,118661,19560,10,4886,4886,4780,4732,0.0948873,0.0558162,0.0344104,1573
kitti,000032,gaussian_noise,0.05,118661,19575,10,4870,4864,4749,4708,0.0616413,0.02781,0.0251891,2099
kitti,000032,gaussian_noise,0.1,118661,19644,10,4713,4686,4583,4537,0.0159745,0.0110118,0.00928286,4033
kitti,000032,range_dropout,50,117050,18516,10,4882,4882,4779,4734,0.0897064,0.0609118,0.0200879,1249
kitti,000032,range_dropout,30,114697,17640,7,4628,4628,4576,4518,0.0941852,0.0702834,0.022068,1103
kitti,000032,range_dropout,20,106936,14781,5,3946,3946,3898,3852,0.0896609,0.0598452,0.0102155,608
kitti,000032,beam_dropout,2,56992,9713,10,2366,2366,2332,2303,0.0817235,0.0602805,0.00748882,589
kitti,000032,beam_dropout,3,44842,7887,10,1974,1974,1926,1912,0.115464,0.0841297,0.0616961,438
kitti,000032,beam_dropout,4,28640,4933,8,1144,1144,1130,1122,0.0881833,0.0335123,0.0263846,381
kitti,000032,motion_smear,10,118661,18003,9,2588,2587,2545,2531,0.0579693,0.0764907,0.0296797,1431
kitti,000032,motion_smear,20,118661,16599,7,1693,1691,1688,1683,0.0309897,0.0328929,0.0240718,1464
kitti,000032,motion_smear,30,118661,15408,5,1647,1639,1570,1619,0.016745,0.0256624,0.0143855,1573
kitti,000043,none,0,122591,19655,4,511,472,245,335,0.068372,0.00665772,0.024207,881
kitti,000043,random_dropout,0.9,110323,17653,4,455,418,218,298,0.0760981,0.00856405,0.0237519,738
kitti,000043,random_dropout,0.7,85697,13723,4,342,317,166,220,0.0697805,-0.00942391,0.0204225,497
kitti,000043,random_dropout,0.5,61074,9767,4,241,223,113,156,0.0694615,0.00989962,0.0434868,543
kitti,000043,random_dropout,0.3,36764,5884,4,150,139,67,97,0.0643273,0.0235428,0.0563918,328
kitti,000043,gaussian_noise,0.02,122591,19678,4,514,468,249,342,0.0659696,0.0215631,0.0412864,990
kitti,000043,gaussian_noise,0.05,122591,19707,4,520,463,239,342,0.0544178,0.0195821,0.0400899,1550
kitti,000043,gaussian_noise,0.1,122591,19762,4,531,450,245,337,0.0163378,0.0192935,0.0151004,3641
kitti,000043,range_dropout,50,121608,19183,4,511,472,245,335,0.0788495,0.0179476,0.0303496,739
kitti,000043,range_dropout,30,119342,17879,4,511,472,245,335,0.102047,0.044508,0.0149349,357
kitti,000043,range_dropout,20,114497,16436,2,346,309,187,229,0.165164,0.0895629,0.0417116,199
kitti,000043,beam_dropout,2,57363,9174,4,228,211,106,154,0.0526919,0.00624579,0.0666246,375
kitti,000043,beam_dropout,3,45682,7552,4,201,184,94,131,0.0759939,0.0134889,0.0165863,395
kitti,000043,beam_dropout,4,28831,4655,4,131,121,62,87,0.0148122,-0.000180513,0.0270051,264
kitti,000043,motion_smear,10,122591,18027,4,242,195,123,143,0.0280624,0.0459951,0.00664333,878
kitti,000043,motion_smear,20,122591,16527,0,0,0,0,0,0.00582546,0.0140789,0.00674057,915
kitti,000043,motion_smear,30,122591,15118,0,0,0,0,0,0.0212707,0.02957,0.0180323,902
kitti,000048,none,0,122675,19820,4,431,362,161,316,0.0721524,0.0406408,0.0499984,2772
kitti,000048,random_dropout,0.9,110484,17881,4,385,322,143,283,0.0708182,0.0416152,0.0512289,2415
kitti,000048,random_dropout,0.7,85895,13891,4,303,255,105,226,0.073828,0.0425842,0.0531355,1734
kitti,000048,random_dropout,0.5,61354,9886,4,225,190,78,163,0.06328,0.0370799,0.0599985,1370
kitti,000048,random_dropout,0.3,36819,5995,4,139,118,50,106,0.074881,0.0300025,0.0586728,833
kitti,000048,gaussian_noise,0.02,122675,19857,4,427,361,156,312,0.0699096,0.0438355,0.0570263,2900
kitti,000048,gaussian_noise,0.05,122675,19907,4,425,349,159,306,0.0585688,0.0344654,0.0476044,3456
kitti,000048,gaussian_noise,0.1,122675,19962,4,429,344,168,286,0.0412926,0.0252233,0.0294723,5528
kitti,000048,range_dropout,50,121946,19390,4,431,362,161,316,0.0661564,0.0518715,0.0505589,2579
kitti,000048,range_dropout,30,119542,18422,3,392,323,143,307,0.0664348,0.0542437,0.0444792,2211
kitti,000048,range_dropout,20,112806,16323,3,392,323,143,307,0.060712,0.0475582,0.0472515,1644
kitti,000048,beam_dropout,2,58147,9304,4,229,190,83,171,0.070382,0.0276395,0.0621414,1222
kitti,000048,beam_dropout,3,45640,7559,4,160,134,62,115,0.0986382,0.0634159,0.0647721,943
kitti,000048,beam_dropout,4,29206,4636,3,75,62,27,57,0.06405,0.0285468,0.0304883,773
kitti,000048,motion_smear,10,122675,17905,4,237,187,92,155,0.0616258,0.0362813,0.0581365,2604
kitti,000048,motion_smear,20,122675,16198,1,29,29,21,3,0.0301199,0.0135106,0.0394979,2554
kitti,000048,motion_smear,30,122675,14743,0,0,0,0,0,0.0173981,0.0214033,0.00193512,2398
kitti,000049,none,0,113691,18093,12,3028,2969,2792,2836,0.130036,0.0582557,0.0600922,1487
kitti,000049,random_dropout,0.9,102355,16239,12,2715,2663,2501,2548,0.129952,0.0605703,0.0603432,1281
kitti,000049,random_dropout,0.7,79722,12674,12,2161,2120,1983,2031,0.129952,0.0499236,0.0714529,923
kitti,000049,random_dropout,0.5,56765,8977,12,1564,1529,1431,1462,0.12093,0.0577397,0.0621524,758
kitti,000049,random_dropout,0.3,33972,5361,11,943,923,871,880,0.132423,0.0422013,0.0641452,440
kitti,000049,gaussian_noise,0.02,113691,18076,12,3007,2976,2806,2836,0.111379,0.0656201,0.0548761,1655
kitti,000049,gaussian_noise,0.05,113691,18093,12,2963,2933,2768,2787,0.0735264,0.0510298,0.0394958,2074
kitti,000049,gaussian_noise,0.1,113691,18103,13,2799,2767,2612,2626,0.0177467,0.0095953,0.00736019,3857
kitti,000049,range_dropout,50,110624,17404,12,3028,2969,2792,2836,0.142795,0.0543442,0.0710471,1313
kitti,000049,range_dropout,30,107497,15655,9,2893,2838,2695,2740,0.172429,0.0785782,0.0969695,894
kitti,000049,range_dropout,20,98770,13566,5,2390,2355,2280,2330,0.167152,0.0407503,0.0790404,583
kitti,000049,beam_dropout,2,53820,8937,11,1421,1375,1280,1313,0.123281,0.0762246,0.0363216,592
kitti,000049,beam_dropout,3,41327,7135,12,1040,996,936,952,0.087419,0.0476234,0.0479146,541
kitti,000049,beam_dropout,4,26934,4597,10,769,726,681,690,0.10313,0.0686432,0.0321801,405
kitti,000049,motion_smear,10,113691,16736,10,1224,1186,1139,1158,0.058124,0.0823233,0.0341434,1543
kitti,000049,motion_smear,20,113691,15470,7,605,597,586,593,0.0655351,0.0636593,0.0462269,1666
kitti,000049,motion_smear,30,113691,14144,4,440,437,419,435,0.033754,0.0669678,0.028014,1634
kitti,000061,none,0,125247,19791,1,134,134,133,106,0.0509421,-0.0139337,0.013826,276
kitti,000061,random_dropout,0.9,112785,17793,1,119,119,118,95,0.0480171,0.00346577,0.00740427,238
kitti,000061,random_dropout,0.7,87758,13897,1,91,91,90,72,0.04613,0.00559735,-0.00111592,166
kitti,000061,random_dropout,0.5,62662,9889,1,64,64,63,49,0.018654,-0.0219699,0.00998405,208
kitti,000061,random_dropout,0.3,37621,5963,1,34,34,34,26,0.035114,0.0126031,-0.00436941,156
kitti,000061,gaussian_noise,0.02,125247,19814,1,133,133,132,107,0.0349643,-0.0352241,0.0163829,319
kitti,000061,gaussian_noise,0.05,125247,19866,1,134,134,134,108,0.0203801,0.0100746,0.0231714,733
kitti,000061,gaussian_noise,0.1,125247,19889,1,131,131,131,108,0.00508602,0.0107587,0.0151746,2823
kitti,000061,range_dropout,50,123556,19319,1,134,134,133,106,0.010804,-0.0204393,-0.0337604,203
kitti,000061,range_dropout,30,118486,17821,1,134,134,133,106,-0.0703295,-0.0557622,-0.108566,130
kitti,000061,range_dropout,20,108934,15261,1,45,45,45,41,-0.113984,-0.126982,-0.130411,78
kitti,000061,beam_dropout,2,59309,9422,1,82,82,81,64,-0.0123453,-0.0574522,-0.00823173,181
kitti,000061,beam_dropout,3,46075,7485,1,44,44,44,36,-0.00748953,-0.0648152,-0.0222401,181
kitti,000061,beam_dropout,4,28474,4517,1,54,54,53,45,0.0277766,-0.00554845,0.00744349,161
kitti,000061,motion_smear,10,125247,18435,1,80,80,63,80,-0.0244999,-0.0161566,0.00207657,265
kitti,000061,motion_smear,20,125247,17250,1,39,39,27,39,-0.0357308,-0.0562645,0.064522,279
kitti,000061,motion_smear,30,125247,16217,1,20,20,4,20,-0.0521824,-0.0753099,0.00794792,311
nuscenes,scene-0103_000,none,0,34752,2984,0,0,0,0,0,0.130794,0.0461436,0.0858693,137
nuscenes,scene-0103_000,random_dropout,0.9,31245,2699,0,0,0,0,0,0.153963,0.0789722,0.132537,134
nuscenes,scene-0103_000,random_dropout,0.7,24302,2084,0,0,0,0,0,0.116705,0.0790254,0.0832867,106
nuscenes,scene-0103_000,random_dropout,0.5,17318,1452,0,0,0,0,0,0.103252,0.0973775,0.0779399,73
nuscenes,scene-0103_000,random_dropout,0.3,10324,850,0,0,0,0,0,,,,26
nuscenes,scene-0103_000,gaussian_noise,0.02,34752,2983,0,0,0,0,0,0.136861,0.0759577,0.0945092,135
nuscenes,scene-0103_000,gaussian_noise,0.05,34752,2977,0,0,0,0,0,0.0842671,0.0451141,0.044399,224
nuscenes,scene-0103_000,gaussian_noise,0.1,34752,2985,0,0,0,0,0,0.00731847,0.0109021,-0.00602427,523
nuscenes,scene-0103_000,range_dropout,50,34178,2820,0,0,0,0,0,0.149808,0.0559928,0.102701,122
nuscenes,scene-0103_000,range_dropout,30,32958,2106,0,0,0,0,0,0.174173,0.158982,0.0901978,36
nuscenes,scene-0103_000,range_dropout,20,31814,1730,0,0,0,0,0,,,,9
nuscenes,scene-0103_000,beam_dropout,2,22203,1416,0,0,0,0,0,0.0669841,0.053938,0.0280765,80
nuscenes,scene-0103_000,beam_dropout,3,11118,809,0,0,0,0,0,0.063339,0.0135292,0.00996935,49
nuscenes,scene-0103_000,beam_dropout,4,16689,646,0,0,0,0,0,,,,24
nuscenes,scene-0103_000,motion_smear,10,34752,2718,0,0,0,0,0,0.0863399,0.0555179,0.110869,141
nuscenes,scene-0103_000,motion_smear,20,34752,2481,0,0,0,0,0,0.0508058,0.023736,0.0877503,149
nuscenes,scene-0103_000,motion_smear,30,34752,2255,0,0,0,0,0,0.0356014,0.0297119,0.085751,162
nuscenes,scene-0103_002,none,0,34752,3084,1,11,11,7,9,0.0897849,0.0194646,0.0416598,126
nuscenes,scene-0103_002,random_dropout,0.9,31222,2775,1,10,10,6,9,0.0819036,0.0262743,0.0342674,108
nuscenes,scene-0103_002,random_dropout,0.7,24269,2160,0,0,0,0,0,0.0696885,0.0235962,0.00187051,84
nuscenes,scene-0103_002,random_dropout,0.5,17380,1543,0,0,0,0,0,0.0445612,0.118726,-0.000309944,54
nuscenes,scene-0103_002,random_dropout,0.3,10392,925,0,0,0,0,0,,,,24
nuscenes,scene-0103_002,gaussian_noise,0.02,34752,3084,1,11,11,7,9,0.0934455,0.0254117,0.0602637,127
nuscenes,scene-0103_002,gaussian_noise,0.05,34752,3081,1,11,11,7,9,0.0456069,-0.0111898,0.0330265,186
nuscenes,scene-0103_002,gaussian_noise,0.1,34752,3097,1,11,11,8,10,0.0231255,-0.00188449,0.0173716,484
nuscenes,scene-0103_002,range_dropout,50,34305,2929,1,11,11,7,9,0.0964719,0.0312865,0.037185,110
nuscenes,scene-0103_002,range_dropout,30,33022,2176,1,11,11,7,9,0.0507405,-0.0024828,0.00939855,52
nuscenes,scene-0103_002,range_dropout,20,31582,1580,0,0,0,0,0,,,,3
nuscenes,scene-0103_002,beam_dropout,2,13496,1320,0,0,0,0,0,0.0220608,0.000655353,0.0661905,96
nuscenes,scene-0103_002,beam_dropout,3,19561,954,0,0,0,0,0,0.103869,0.0120945,0.128957,51
nuscenes,scene-0103_002,beam_dropout,4,7869,653,0,0,0,0,0,,,,22
nuscenes,scene-0103_002,motion_smear,10,34752,2821,1,11,11,8,6,0.0690819,0.0195447,0.0662236,128
nuscenes,scene-0103_002,motion_smear,20,34752,2563,0,0,0,0,0,0.0435004,0.0250036,0.0911601,128
nuscenes,scene-0103_002,motion_smear,30,34752,2335,0,0,0,0,0,0.0536769,0.0406718,0.0908069,126
nuscenes,scene-0103_004,none,0,34784,3062,2,69,69,68,63,0.0402626,-0.00959879,0.0488656,113
nuscenes,scene-0103_004,random_dropout,0.9,31324,2755,2,61,61,60,57,0.0521041,-0.027804,0.0629983,81
nuscenes,scene-0103_004,random_dropout,0.7,24491,2157,2,46,46,46,42,0.0927777,-0.00495777,0.0698164,75
nuscenes,scene-0103_004,random_dropout,0.5,17592,1548,1,25,25,25,24,0.109303,0.0404241,0.0238271,66
nuscenes,scene-0103_004,random_dropout,0.3,10534,956,1,14,14,14,13,0.0727468,0.0135177,-0.00426874,37
nuscenes,scene-0103_004,gaussian_noise,0.02,34784,3059,2,69,69,68,64,0.056546,0.0418877,0.0427772,122
nuscenes,scene-0103_004,gaussian_noise,0.05,34784,3062,2,69,69,67,64,0.0474252,0.0218654,0.0348153,180
nuscenes,scene-0103_004,gaussian_noise,0.1,34784,3059,2,68,68,66,63,0.0148772,6.34789e-06,0.0117213,494
nuscenes,scene-0103_004,range_dropout,50,34499,2927,2,69,69,68,63,0.0375639,0.000736803,0.0379025,102
nuscenes,scene-0103_004,range_dropout,30,33571,2495,2,69,69,68,63,0.101166,0.023598,0.046225,68
nuscenes,scene-0103_004,range_dropout,20,32130,1860,2,69,69,68,63,,,,22
nuscenes,scene-0103_004,beam_dropout,2,22904,1464,1,25,25,25,24,0.0747453,0.0262008,0.029038,86
nuscenes,scene-0103_004,beam_dropout,3,10466,1071,1,27,27,27,26,-0.00255543,0.00502458,0.0122608,59
nuscenes,scene-0103_004,beam_dropout,4,16969,770,1,22,22,22,22,0.0921142,0.0806635,-0.0141224,36
nuscenes,scene-0103_004,motion_smear,10,34784,2781,1,28,28,28,28,0.0570081,0.0517826,0.0666566,95
nuscenes,scene-0103_004,motion_smear,20,34784,2538,1,24,24,24,24,0.0590687,0.0722429,0.0315138,107
nuscenes,scene-0103_004,motion_smear,30,34784,2311,1,21,21,21,21,0.0296977,0.00869063,0.0236682,114
nuscenes,scene-0103_006,none,0,34688,3180,2,32,32,30,31,0.10069,-0.00529072,0.035543,65
nuscenes,scene-0103_006,random_dropout,0.9,31233,2864,2,30,30,28,29,0.105879,-0.00797966,0.0307907,57
nuscenes,scene-0103_006,random_dropout,0.7,24332,2242,1,12,12,10,11,0.0847601,0.0277908,-0.0303832,42
nuscenes,scene-0103_006,random_dropout,0.5,17286,1578,1,10,10,9,9,0.100289,-0.0149333,0.0520492,40
nuscenes,scene-0103_006,random_dropout,0.3,10462,960,0,0,0,0,0,,,,15
nuscenes,scene-0103_006,gaussian_noise,0.02,34688,3178,2,32,32,30,31,0.0572734,0.0143847,0.0345244,60
nuscenes,scene-0103_006,gaussian_noise,0.05,34688,3175,2,32,32,30,31,0.015314,0.00600718,-0.00158682,111
nuscenes,scene-0103_006,gaussian_noise,0.1,34688,3188,2,32,32,29,31,0.0133824,0.00316095,-0.0153745,450
nuscenes,scene-0103_006,range_dropout,50,34462,2989,2,32,32,30,31,0.167735,0.0137267,0.0308697,47
nuscenes,scene-0103_006,range_dropout,30,33531,2647,2,32,32,30,31,0.201226,0.0444516,0.0126523,34
nuscenes,scene-0103_006,range_dropout,20,31066,1990,0,0,0,0,0,,,,3
nuscenes,scene-0103_006,beam_dropout,2,21870,1515,2,29,29,27,28,0.0765086,0.0361148,-0.0156959,48
nuscenes,scene-0103_006,beam_dropout,3,10650,1102,2,29,29,27,28,0.0650886,0.0760032,0.0975824,35
nuscenes,scene-0103_006,beam_dropout,4,15732,810,2,29,29,27,28,,,,24
nuscenes,scene-0103_006,motion_smear,10,34688,2896,0,0,0,0,0,0.0141139,0.00648361,0.0762614,58
nuscenes,scene-0103_006,motion_smear,20,34688,2641,0,0,0,0,0,-0.027878,-0.0422322,0.0554692,65
nuscenes,scene-0103_006,motion_smear,30,34688,2402,0,0,0,0,0,-0.0962633,0.0196419,-0.0136363,63
nuscenes,scene-0103_008,none,0,34720,2968,1,46,46,46,45,0.0655579,0.0775626,0.025052,49
nuscenes,scene-0103_008,random_dropout,0.9,31238,2661,1,42,42,42,41,0.0527568,0.05366,0.0709288,44
nuscenes,scene-0103_008,random_dropout,0.7,24290,2100,1,36,36,36,35,,0.000699729,,28
nuscenes,scene-0103_008,random_dropout,0.5,17226,1502,1,28,28,28,27,,,,22
nuscenes,scene-0103_008,random_dropout,0.3,10240,873,1,18,18,18,17,,,,5
nuscenes,scene-0103_008,gaussian_noise,0.02,34720,2968,1,45,45,45,44,0.0251852,0.0601102,0.0480075,52
nuscenes,scene-0103_008,gaussian_noise,0.05,34720,2963,1,41,41,41,41,-0.00259778,0.0404022,-0.0146051,114
nuscenes,scene-0103_008,gaussian_noise,0.1,34720,2976,1,38,38,37,38,-0.0288385,-0.022235,-0.03144,400
nuscenes,scene-0103_008,range_dropout,50,34186,2842,1,46,46,46,45,0.136124,0.120182,,31
nuscenes,scene-0103_008,range_dropout,30,33096,2385,1,46,46,46,45,,,,16
nuscenes,scene-0103_008,range_dropout,20,30478,1748,1,46,46,46,45,,,,5
nuscenes,scene-0103_008,beam_dropout,2,15539,1527,1,25,25,25,24,0.125288,0.0428067,0.0601337,38
nuscenes,scene-0103_008,beam_dropout,3,16497,817,1,21,21,21,21,,0.00690304,,26
nuscenes,scene-0103_008,beam_dropout,4,8598,699,1,15,15,15,15,,,,16
nuscenes,scene-0103_008,motion_smear,10,34720,2689,1,26,26,25,26,0.0456619,0.0474297,0.00601283,52
nuscenes,scene-0103_008,motion_smear,20,34720,2480,1,18,18,18,18,0.071577,0.0134327,0.0458846,56
nuscenes,scene-0103_008,motion_smear,30,34720,2267,0,0,0,0,0,0.020825,-0.0147998,0.0244485,60
nuscenes,scene-0103_010,none,0,34720,3120,4,73,73,68,62,0.0355672,-0.0650335,0.0111875,67
nuscenes,scene-0103_010,random_dropout,0.9,31138,2794,4,68,68,63,57,0.0660328,-0.0327206,0.0162247,51
nuscenes,scene-0103_010,random_dropout,0.7,24136,2160,4,55,55,51,45,0.0949872,0.0246237,0.00880037,46
nuscenes,scene-0103_010,random_dropout,0.5,17265,1539,2,21,21,21,20,,,,26
nuscenes,scene-0103_010,random_dropout,0.3,10343,914,0,0,0,0,0,,,,14
nuscenes,scene-0103_010,gaussian_noise,0.02,34720,3128,4,72,72,67,62,0.0179434,-0.0753161,0.0041219,69
nuscenes,scene-0103_010,gaussian_noise,0.05,34720,3126,4,71,71,66,61,-0.00158882,-0.0461691,-0.0160741,145
nuscenes,scene-0103_010,gaussian_noise,0.1,34720,3129,4,69,69,64,58,-0.0138595,-0.0329167,-0.010278,449
nuscenes,scene-0103_010,range_dropout,50,34304,2941,4,73,73,68,62,0.0212337,-0.0469188,-0.0401395,45
nuscenes,scene-0103_010,range_dropout,30,32911,2366,4,73,73,68,62,,,,8
nuscenes,scene-0103_010,range_dropout,20,30187,1726,0,0,0,0,0,,,,0
nuscenes,scene-0103_010,beam_dropout,2,15870,1574,2,27,27,24,25,0.0732068,-0.020082,0.0589405,58
nuscenes,scene-0103_010,beam_dropout,3,15788,916,0,0,0,0,0,-0.0780816,-0.0925996,-0.0388738,42
nuscenes,scene-0103_010,beam_dropout,4,8854,732,0,0,0,0,0,,,,21
nuscenes,scene-0103_010,motion_smear,10,34720,2846,1,13,9,12,2,0.0405842,0.00197421,-0.0238675,64
nuscenes,scene-0103_010,motion_smear,20,34720,2604,0,0,0,0,0,0.034778,0.0203977,-0.0143228,76
nuscenes,scene-0103_010,motion_smear,30,34720,2380,0,0,0,0,0,0.0360878,0.0479207,-0.0215467,78
nuscenes,scene-0103_012,none,0,34688,3023,3,109,109,106,108,-0.0290916,-0.0133612,-0.0298118,97
nuscenes,scene-0103_012,random_dropout,0.9,31284,2729,3,101,101,98,100,-0.0320809,0.00719535,-0.041508,84
nuscenes,scene-0103_012,random_dropout,0.7,24304,2109,2,68,68,68,68,-0.0426623,0.00421773,-0.0185514,61
nuscenes,scene-0103_012,random_dropout,0.5,17351,1531,2,53,53,53,53,-0.0520622,0.00429308,-0.0695741,45
nuscenes,scene-0103_012,random_dropout,0.3,10271,895,1,18,18,18,18,,,,18
nuscenes,scene-0103_012,gaussian_noise,0.02,34688,3022,3,109,109,106,108,-0.018939,-0.0164456,-0.0186009,97
nuscenes,scene-0103_012,gaussian_noise,0.05,34688,3020,3,110,110,106,108,-0.0283658,-0.0157001,0.00153135,159
nuscenes,scene-0103_012,gaussian_noise,0.1,34688,3049,3,109,109,107,107,-0.0339895,-0.0340713,-0.00119668,489
nuscenes,scene-0103_012,range_dropout,50,34436,2819,3,109,109,106,108,-0.0271834,-0.0198955,-0.0567867,85
nuscenes,scene-0103_012,range_dropout,30,33115,2419,3,109,109,106,108,,,,19
nuscenes,scene-0103_012,range_dropout,20,30731,1961,2,97,97,96,97,,,,3
nuscenes,scene-0103_012,beam_dropout,2,15898,1392,2,50,50,49,50,0.0225402,0.00682244,-0.000202268,63
nuscenes,scene-0103_012,beam_dropout,3,15254,931,1,21,21,21,21,-0.0119248,0.0254617,-0.0499569,37
nuscenes,scene-0103_012,beam_dropout,4,8779,651,0,0,0,0,0,,,,17
nuscenes,scene-0103_012,motion_smear,10,34688,2743,2,55,55,55,53,-0.073959,0.0246755,-0.0459905,98
nuscenes,scene-0103_012,motion_smear,20,34688,2500,1,26,26,26,26,-0.0473706,0.00578155,-0.0386528,119
nuscenes,scene-0103_012,motion_smear,30,34688,2266,1,20,20,20,20,-0.0205991,0.0342841,-0.01793,131
nuscenes,scene-0103_014,none,0,34720,3013,3,251,251,248,249,-0.0156844,0.00666821,0.00297882,109
nuscenes,scene-0103_014,random_dropout,0.9,31329,2726,3,225,225,222,224,-0.0155316,0.0288852,0.0105661,106
nuscenes,scene-0103_014,random_dropout,0.7,24355,2146,3,173,173,170,172,-0.0156252,0.0298471,0.0284853,75
nuscenes,scene-0103_014,random_dropout,0.5,17284,1478,2,111,111,109,111,0.0389512,0.0360833,0.042484,65
nuscenes,scene-0103_014,random_dropout,0.3,10346,876,2,65,65,64,65,0.00852498,,,30
nuscenes,scene-0103_014,gaussian_noise,0.02,34720,3018,3,251,251,248,249,0.00974736,0.0403508,0.0125011,126
nuscenes,scene-0103_014,gaussian_noise,0.05,34720,3015,3,248,248,245,246,0.00238384,0.0191866,0.0167528,185
nuscenes,scene-0103_014,gaussian_noise,0.1,34720,3019,3,245,245,242,242,-0.0146663,-0.00816525,-0.0114018,419
nuscenes,scene-0103_014,range_dropout,50,34451,2770,3,251,251,248,249,-0.0134332,0.0247035,-0.008223,90
nuscenes,scene-0103_014,range_dropout,30,33189,2441,3,251,251,248,249,,,,27
nuscenes,scene-0103_014,range_dropout,20,30968,2001,2,236,236,234,236,,,,12
nuscenes,scene-0103_014,beam_dropout,2,15781,1309,2,100,100,99,100,0.00162093,0.0044135,0.00905091,76
nuscenes,scene-0103_014,beam_dropout,3,14730,752,2,70,70,69,70,-0.0332398,-0.0388107,0.00318179,42
nuscenes,scene-0103_014,beam_dropout,4,8407,466,1,32,32,32,32,,,,22
nuscenes,scene-0103_014,motion_smear,10,34720,2720,2,118,118,116,118,0.00464326,0.0192595,-0.00170486,119
nuscenes,scene-0103_014,motion_smear,20,34720,2469,1,45,45,45,45,-0.0239601,0.0207963,-0.00577532,114
nuscenes,scene-0103_014,motion_smear,30,34720,2227,1,38,38,38,38,0.0222815,0.0114384,0.0105037,133
nuscenes,scene-0103_016,none,0,34720,2951,2,300,298,296,284,0.015698,-0.0112522,0.0145365,168
nuscenes,scene-0103_016,random_dropout,0.9,31266,2636,2,266,264,262,253,0.0176984,-0.0153696,0.0221159,143
nuscenes,scene-0103_016,random_dropout,0.7,24263,2042,2,208,207,205,201,0.0170461,-0.00567895,-0.0245516,113
nuscenes,scene-0103_016,random_dropout,0.5,17258,1487,2,148,147,147,143,0.0283707,0.0178615,-0.0291954,74
nuscenes,scene-0103_016,random_dropout,0.3,10408,875,2,88,87,87,86,0.031962,0.0429514,-0.0420449,34
nuscenes,scene-0103_016,gaussian_noise,0.02,34720,2948,2,299,299,295,287,0.0206074,-0.0127068,0.00756755,172
nuscenes,scene-0103_016,gaussian_noise,0.05,34720,2948,2,300,300,297,287,0.000300124,-0.0187307,-0.0114481,228
nuscenes,scene-0103_016,gaussian_noise,0.1,34720,2956,2,292,289,286,275,-0.00907418,-0.00769816,-0.0119092,497
nuscenes,scene-0103_016,range_dropout,50,34422,2677,2,300,298,296,284,-0.000586882,-0.0256016,0.0149799,142
nuscenes,scene-0103_016,range_dropout,30,32939,2363,2,300,298,296,284,0.0178183,0.0474507,0.0519024,50
nuscenes,scene-0103_016,range_dropout,20,30829,1869,2,300,298,296,284,,,,10
nuscenes,scene-0103_016,beam_dropout,2,15731,1389,2,120,119,116,113,0.0253261,-0.0170712,-0.0104044,86
nuscenes,scene-0103_016,beam_dropout,3,14710,904,2,101,100,101,94,0.0285145,0.00444466,0.00561689,51
nuscenes,scene-0103_016,beam_dropout,4,8409,635,2,75,75,73,72,-0.00411421,-0.0766622,,31
nuscenes,scene-0103_016,motion_smear,10,34720,2679,2,176,176,173,169,-0.0090978,-0.012623,-0.0129986,188
nuscenes,scene-0103_016,motion_smear,20,34720,2430,1,103,103,103,98,-0.0364208,-0.0178058,-0.0236941,172
nuscenes,scene-0103_016,motion_smear,30,34720,2208,1,82,82,82,77,-0.058587,-0.0160269,-0.0313079,181
nuscenes,scene-0103_018,none,0,34784,2938,3,150,150,148,149,0.0169875,0.0166204,-0.0433152,171
nuscenes,scene-0103_018,random_dropout,0.9,31453,2640,3,135,135,134,135,0.018047,0.0105257,-0.0240812,158
nuscenes,scene-0103_018,random_dropout,0.7,24461,2046,3,105,105,104,105,0.00357267,0.0122073,-0.0216366,120
nuscenes,scene-0103_018,random_dropout,0.5,17485,1484,3,78,78,77,78,-0.00897618,0.00287631,-0.0249063,71
nuscenes,scene-0103_018,random_dropout,0.3,10505,949,2,39,39,38,39,0.0453519,0.0209808,-0.00382215,35
nuscenes,scene-0103_018,gaussian_noise,0.02,34784,2933,3,150,150,148,149,0.0171535,0.032424,-0.0237135,176
nuscenes,scene-0103_018,gaussian_noise,0.05,34784,2931,3,149,149,147,147,0.00640975,0.014657,-0.0205351,235
nuscenes,scene-0103_018,gaussian_noise,0.1,34784,2961,3,146,146,144,144,-0.0239239,-0.00995994,-0.0241254,515
nuscenes,scene-0103_018,range_dropout,50,34442,2658,3,150,150,148,149,0.00434472,-0.00735445,-0.0412407,138
nuscenes,scene-0103_018,range_dropout,30,32763,2319,3,150,150,148,149,0.0771786,0.0473022,0.0454223,68
nuscenes,scene-0103_018,range_dropout,20,30622,1796,2,118,118,117,118,,,,15
nuscenes,scene-0103_018,beam_dropout,2,15607,1365,3,72,72,72,71,-0.0276547,-0.0229956,0.048166,87
nuscenes,scene-0103_018,beam_dropout,3,14546,889,3,42,42,40,42,0.0199055,0.0100634,-0.0887103,64
nuscenes,scene-0103_018,beam_dropout,4,8223,649,1,27,27,27,27,-0.0175642,-0.0266886,-0.0140771,41
nuscenes,scene-0103_018,motion_smear,10,34784,2656,3,112,112,112,112,-0.00679076,0.0206115,-0.0215954,187
nuscenes,scene-0103_018,motion_smear,20,34784,2405,2,36,36,36,36,-0.027164,0.0226213,-0.00688472,169
nuscenes,scene-0103_018,motion_smear,30,34784,2178,1,10,10,10,10,-0.00984545,0.0277462,-0.00333913,164
nuscenes,scene-0103_020,none,0,34752,2990,3,140,140,139,139,0.00323328,0.0351648,-0.0226399,167
nuscenes,scene-0103_020,random_dropout,0.9,31356,2688,3,126,126,125,125,-0.00736906,0.0313628,-0.0110343,141
nuscenes,scene-0103_020,random_dropout,0.7,24468,2074,3,99,99,98,98,0.0288623,0.0521885,-0.0233563,108
nuscenes,scene-0103_020,random_dropout,0.5,17482,1501,2,63,63,62,62,0.00307451,0.0768541,-0.0266285,76
nuscenes,scene-0103_020,random_dropout,0.3,10468,882,1,37,37,37,36,0.0399588,0.0752656,-0.056851,41
nuscenes,scene-0103_020,gaussian_noise,0.02,34752,2990,3,142,142,141,141,0.0121928,0.0372012,-0.00630389,166
nuscenes,scene-0103_020,gaussian_noise,0.05,34752,2995,3,144,144,143,142,-1.42306e-05,0.0133088,-0.00975407,236
nuscenes,scene-0103_020,gaussian_noise,0.1,34752,3019,3,146,146,143,144,-0.0163382,-0.0169407,-0.0129673,546
nuscenes,scene-0103_020,range_dropout,50,34305,2716,3,140,140,139,139,-0.00635375,0.0362736,-0.0260783,132
nuscenes,scene-0103_020,range_dropout,30,32716,2362,3,140,140,139,139,0.00321354,0.0938653,-0.0469189,72
nuscenes,scene-0103_020,range_dropout,20,30290,1815,2,120,120,120,119,,,,14
nuscenes,scene-0103_020,beam_dropout,2,19083,1417,1,50,50,50,50,-0.0271316,0.00240733,0.00653051,87
nuscenes,scene-0103_020,beam_dropout,3,11100,911,2,48,48,47,47,-0.0382431,0.0457506,-0.0866827,60
nuscenes,scene-0103_020,beam_dropout,4,8257,646,1,33,33,33,33,-0.0372988,-0.0543711,-0.0218359,35
nuscenes,scene-0103_020,motion_smear,10,34752,2723,2,80,80,78,80,-0.017971,0.0560902,-0.0352147,178
nuscenes,scene-0103_020,motion_smear,20,34752,2479,2,27,27,27,27,-0.00380753,0.031316,-0.0182305,162
nuscenes,scene-0103_020,motion_smear,30,34752,2256,1,11,11,11,11,-0.00572376,-0.00187948,-0.000393584,191
nuscenes,scene-0103_022,none,0,34752,2943,2,157,157,147,154,0.0404584,0.0258303,-0.0319943,129
nuscenes,scene-0103_022,random_dropout,0.9,31263,2664,2,141,141,133,138,0.0420659,0.0405127,-0.0346707,127
nuscenes,scene-0103_022,random_dropout,0.7,24375,2082,1,102,102,97,102,0.0146746,0.0266811,-0.00359005,102
nuscenes,scene-0103_022,random_dropout,0.5,17461,1494,1,77,77,73,77,0.0702222,0.0779056,-0.00509682,62
nuscenes,scene-0103_022,random_dropout,0.3,10540,954,1,55,55,52,55,0.106629,,0.0109204,30
nuscenes,scene-0103_022,gaussian_noise,0.02,34752,2944,2,158,158,148,154,0.0348966,0.0395533,-0.05497,130
nuscenes,scene-0103_022,gaussian_noise,0.05,34752,2933,2,155,155,146,151,0.00106573,0.011312,-0.0441359,198
nuscenes,scene-0103_022,gaussian_noise,0.1,34752,2952,3,165,165,156,159,-0.0223004,-0.00561503,-0.0245099,489
nuscenes,scene-0103_022,range_dropout,50,34133,2699,2,157,157,147,154,0.0131837,0.0234593,-0.0408011,107
nuscenes,scene-0103_022,range_dropout,30,32730,2315,1,147,147,140,147,0.0546501,0.07706,-0.015447,56
nuscenes,scene-0103_022,range_dropout,20,30222,1830,1,147,147,140,147,,,,6
nuscenes,scene-0103_022,beam_dropout,2,19817,1471,1,76,76,71,76,0.00677526,0.00711788,-0.026534,78
nuscenes,scene-0103_022,beam_dropout,3,11463,941,1,49,49,47,49,0.00036557,-0.0153175,-0.0419917,57
nuscenes,scene-0103_022,beam_dropout,4,8813,679,1,47,47,44,47,,,,25
nuscenes,scene-0103_022,motion_smear,10,34752,2677,1,111,111,105,111,0.00358732,0.0344976,-0.0130965,148
nuscenes,scene-0103_022,motion_smear,20,34752,2433,2,24,24,22,21,0.00924988,0.00839686,-0.00312385,149
nuscenes,scene-0103_022,motion_smear,30,34752,2218,1,12,12,12,9,-0.023112,0.00435205,-0.00966819,147
nuscenes,scene-0103_024,none,0,34688,2952,3,46,46,44,40,0.0221786,0.0210486,0.00456832,137
nuscenes,scene-0103_024,random_dropout,0.9,31293,2662,3,42,42,40,38,0.0233224,0.0385382,0.0084129,132
nuscenes,scene-0103_024,random_dropout,0.7,24116,2081,2,29,29,29,28,0.0103356,0.0264385,0.0203092,116
nuscenes,scene-0103_024,random_dropout,0.5,17268,1481,1,11,11,11,11,0.00719456,0.0272569,0.0183554,65
nuscenes,scene-0103_024,random_dropout,0.3,10258,865,0,0,0,0,0,,,,25
nuscenes,scene-0103_024,gaussian_noise,0.02,34688,2952,3,47,47,45,41,0.0406416,0.031473,0.0312253,146
nuscenes,scene-0103_024,gaussian_noise,0.05,34688,2943,3,47,47,45,40,0.0423401,0.0238747,0.0330606,199
nuscenes,scene-0103_024,gaussian_noise,0.1,34688,2963,3,47,47,45,41,-0.00684611,-0.0133928,-0.00720655,520
nuscenes,scene-0103_024,range_dropout,50,33990,2711,3,46,46,44,40,0.0230639,0.0259827,-0.00870187,113
nuscenes,scene-0103_024,range_dropout,30,32711,2332,1,16,16,16,16,0.055078,0.0649798,0.0204696,70
nuscenes,scene-0103_024,range_dropout,20,30077,1756,0,0,0,0,0,,,,13
nuscenes,scene-0103_024,beam_dropout,2,19879,1292,0,0,0,0,0,-0.00892799,0.0251455,0.0266735,91
nuscenes,scene-0103_024,beam_dropout,3,11196,755,1,11,11,11,11,-0.000539951,-0.0372351,-0.0234544,59
nuscenes,scene-0103_024,beam_dropout,4,8502,490,0,0,0,0,0,,,,26
nuscenes,scene-0103_024,motion_smear,10,34688,2680,2,26,26,25,23,-0.00819056,0.0143827,0.0210296,147
nuscenes,scene-0103_024,motion_smear,20,34688,2432,1,20,20,19,14,-0.00624393,0.00220315,0.0213472,150
nuscenes,scene-0103_024,motion_smear,30,34688,2212,1,20,20,20,14,0.0064173,0.00285126,0.00464199,154
nuscenes,scene-0103_026,none,0,34688,2882,4,74,74,69,70,0.0275904,0.0102623,0.0222652,128
nuscenes,scene-0103_026,random_dropout,0.9,31305,2584,3,56,56,52,54,0.0170269,0.0180268,0.00610194,133
nuscenes,scene-0103_026,random_dropout,0.7,24421,2059,2,37,37,33,36,0.0247559,0.0287834,0.0262865,116
nuscenes,scene-0103_026,random_dropout,0.5,17445,1456,2,26,26,23,25,0.034436,0.0245986,0.0110083,72
nuscenes,scene-0103_026,random_dropout,0.3,10592,876,0,0,0,0,0,0.0893302,0.0153186,0.0379403,32
nuscenes,scene-0103_026,gaussian_noise,0.02,34688,2884,4,74,74,68,70,0.0263205,0.00502244,0.0134104,141
nuscenes,scene-0103_026,gaussian_noise,0.05,34688,2885,4,78,78,73,71,0.00676743,-0.00564945,-0.00981829,200
nuscenes,scene-0103_026,gaussian_noise,0.1,34688,2891,4,81,81,75,73,-0.00412481,-0.0223208,-0.0146578,499
nuscenes,scene-0103_026,range_dropout,50,33776,2758,4,74,74,69,70,0.0260621,0.00753193,0.0204846,122
nuscenes,scene-0103_026,range_dropout,30,32504,2403,3,56,56,51,54,0.0345606,0.00886495,-0.00394812,62
nuscenes,scene-0103_026,range_dropout,20,29449,1788,1,23,23,20,23,,,,7
nuscenes,scene-0103_026,beam_dropout,2,19833,1281,2,33,33,30,32,0.012656,-0.0131324,0.0612772,86
nuscenes,scene-0103_026,beam_dropout,3,11250,774,1,14,14,13,13,0.0139339,0.0134618,-0.00494646,48
nuscenes,scene-0103_026,beam_dropout,4,8564,509,1,18,18,15,18,-0.0516381,-0.0284072,-0.0496961,32
nuscenes,scene-0103_026,motion_smear,10,34688,2617,3,58,58,58,54,0.0196279,0.0285014,0.0317446,154
nuscenes,scene-0103_026,motion_smear,20,34688,2376,3,49,48,48,44,0.028803,0.026231,0.0240009,159
nuscenes,scene-0103_026,motion_smear,30,34688,2157,3,47,46,47,42,0.0225426,0.0180448,0.0167635,144
nuscenes,scene-0103_028,none,0,34720,2791,4,116,116,110,108,0.0174055,0.00221424,0.0151811,101
nuscenes,scene-0103_028,random_dropout,0.9,31261,2542,4,106,106,101,98,-0.000438944,0.00817081,0.0248316,97
nuscenes,scene-0103_028,random_dropout,0.7,24346,2020,3,77,77,72,71,-0.00394973,0.0141051,-0.00486315,79
nuscenes,scene-0103_028,random_dropout,0.5,17446,1443,3,55,55,50,52,0.0292513,0.027631,0.0211445,53
nuscenes,scene-0103_028,random_dropout,0.3,10460,860,1,17,17,16,17,,,,21
nuscenes,scene-0103_028,gaussian_noise,0.02,34720,2789,4,116,116,110,108,0.0290578,-0.00219428,0.00876874,98
nuscenes,scene-0103_028,gaussian_noise,0.05,34720,2782,4,114,114,108,107,-0.0118669,-0.0156815,0.00188333,166
nuscenes,scene-0103_028,gaussian_noise,0.1,34720,2790,4,112,112,107,105,-0.0156942,-0.0145654,-0.0142313,523
nuscenes,scene-0103_028,range_dropout,50,33690,2690,4,116,116,110,108,0.0112482,0.000124857,0.0247967,111
nuscenes,scene-0103_028,range_dropout,30,32211,2326,3,94,94,89,89,0.0301336,0.0193222,0.0267923,49
nuscenes,scene-0103_028,range_dropout,20,29240,1684,1,25,25,23,25,,,,1
nuscenes,scene-0103_028,beam_dropout,2,20101,1368,2,37,37,33,34,-0.00173032,-0.0192413,0.0610476,71
nuscenes,scene-0103_028,beam_dropout,3,11374,879,2,30,30,30,28,0.0969451,0.0463568,0.0539189,40
nuscenes,scene-0103_028,beam_dropout,4,8627,621,1,17,17,15,17,,,,25
nuscenes,scene-0103_028,motion_smear,10,34720,2529,4,97,96,92,89,-0.000540316,-0.0142217,0.0282731,106
nuscenes,scene-0103_028,motion_smear,20,34720,2301,2,69,69,67,63,-0.0102394,-0.032291,0.01755,106
nuscenes,scene-0103_028,motion_smear,30,34720,2087,2,62,62,58,59,0.0189513,-0.0632166,0.0388108,109
nuscenes,scene-0103_030,none,0,34688,2826,4,156,156,151,150,0.0666158,0.0469362,-0.0151778,89
nuscenes,scene-0103_030,random_dropout,0.9,31250,2536,4,139,139,135,133,0.0479412,0.0633137,-0.0286086,77
nuscenes,scene-0103_030,random_dropout,0.7,24236,1982,4,109,109,105,104,0.0295589,0.0621605,-0.0369136,63
nuscenes,scene-0103_030,random_dropout,0.5,17218,1414,3,66,66,66,61,0.0658999,0.0857802,0.0101724,55
nuscenes,scene-0103_030,random_dropout,0.3,10290,877,3,50,50,50,47,,,,21
nuscenes,scene-0103_030,gaussian_noise,0.02,34688,2818,4,156,156,151,151,0.07075,0.0660021,-0.0125564,86
nuscenes,scene-0103_030,gaussian_noise,0.05,34688,2808,4,156,156,150,151,0.0337471,0.0148771,-0.00180285,159
nuscenes,scene-0103_030,gaussian_noise,0.1,34688,2824,4,153,153,146,147,-0.0234877,-0.00600038,-0.031092,444
nuscenes,scene-0103_030,range_dropout,50,33690,2721,4,156,156,151,150,0.0609025,0.0457176,-0.0268422,94
nuscenes,scene-0103_030,range_dropout,30,31810,2337,3,112,112,108,109,0.088013,0.00165921,-0.021883,42
nuscenes,scene-0103_030,range_dropout,20,29444,1868,2,91,91,90,88,,,,10
nuscenes,scene-0103_030,beam_dropout,2,19988,1408,2,51,51,51,50,0.0296778,0.0207902,-0.0216093,61
nuscenes,scene-0103_030,beam_dropout,3,11503,896,1,21,21,20,19,0.00466193,-0.0157721,-0.0379684,37
nuscenes,scene-0103_030,beam_dropout,4,8839,628,1,17,17,17,16,,,,15
nuscenes,scene-0103_030,motion_smear,10,34688,2563,4,106,106,102,101,0.0535846,0.0785755,-0.023407,95
nuscenes,scene-0103_030,motion_smear,20,34688,2328,3,69,69,63,67,0.0298142,0.0450324,0.0127012,105
nuscenes,scene-0103_030,motion_smear,30,34688,2107,2,61,58,51,55,0.00709075,0.0241446,0.00341998,102
nuscenes,scene-0103_032,none,0,34752,2837,6,250,250,245,244,0.0523091,0.0415175,0.0260913,71
nuscenes,scene-0103_032,random_dropout,0.9,31245,2546,5,221,221,218,217,0.0492859,0.0242525,0.0280988,61
nuscenes,scene-0103_032,random_dropout,0.7,24287,2031,5,180,180,178,178,0.0526634,0.0436074,0.017201,54
nuscenes,scene-0103_032,random_dropout,0.5,17288,1467,5,130,130,128,129,0.094591,0.0190475,0.0412251,44
nuscenes,scene-0103_032,random_dropout,0.3,10383,872,3,57,57,56,56,,,,15
nuscenes,scene-0103_032,gaussian_noise,0.02,34752,2834,6,249,249,243,245,0.0210648,0.036557,0.0245882,70
nuscenes,scene-0103_032,gaussian_noise,0.05,34752,2828,6,248,248,242,244,0.00495234,0.00975287,0.0175597,143
nuscenes,scene-0103_032,gaussian_noise,0.1,34752,2835,6,243,243,236,239,-0.0159561,0.00124702,-0.0304671,417
nuscenes,scene-0103_032,range_dropout,50,33830,2751,6,250,250,245,244,0.0657695,0.0416589,0.0231857,67
nuscenes,scene-0103_032,range_dropout,30,31954,2367,5,240,240,235,236,0.0398433,0.0476925,0.019515,68
nuscenes,scene-0103_032,range_dropout,20,29393,1803,3,147,147,145,146,,,,5
nuscenes,scene-0103_032,beam_dropout,2,20050,1360,3,97,97,96,96,0.0278506,0.0715975,-0.0147588,51
nuscenes,scene-0103_032,beam_dropout,3,11078,884,1,28,28,27,28,,,,27
nuscenes,scene-0103_032,beam_dropout,4,8672,621,1,27,27,26,27,,,,19
nuscenes,scene-0103_032,motion_smear,10,34752,2582,5,185,185,183,181,0.0403642,0.00454545,0.0390707,86
nuscenes,scene-0103_032,motion_smear,20,34752,2334,4,134,134,132,134,0.0174818,0.00226799,0.0436831,87
nuscenes,scene-0103_032,motion_smear,30,34752,2106,3,116,116,113,116,0.0190341,0.0380038,0.0242994,65
nuscenes,scene-0103_034,none,0,34688,2844,5,357,356,339,343,0.0696531,0.0857562,0.0240048,49
nuscenes,scene-0103_034,random_dropout,0.9,31319,2565,5,317,316,302,305,0.0522824,0.0587391,-0.009324,51
nuscenes,scene-0103_034,random_dropout,0.7,24412,2035,5,256,255,244,246,-0.0102017,0.0579307,-0.0368768,47
nuscenes,scene-0103_034,random_dropout,0.5,17444,1433,4,174,173,165,169,-0.0047189,0.126281,-0.0558486,31
nuscenes,scene-0103_034,random_dropout,0.3,10550,869,3,97,96,94,94,,,,16
nuscenes,scene-0103_034,gaussian_noise,0.02,34688,2837,5,358,358,339,345,0.062428,0.0586382,0.0173645,50
nuscenes,scene-0103_034,gaussian_noise,0.05,34688,2834,5,362,362,343,348,-0.0122368,0.0166698,-0.0220269,121
nuscenes,scene-0103_034,gaussian_noise,0.1,34688,2848,5,369,367,348,354,-0.0222674,-0.015661,-0.0247566,425
nuscenes,scene-0103_034,range_dropout,50,34021,2741,5,357,356,339,343,0.0700642,0.0577529,0.0156478,56
nuscenes,scene-0103_034,range_dropout,30,32203,2432,5,357,356,339,343,0.0504662,0.0598821,-0.0275346,37
nuscenes,scene-0103_034,range_dropout,20,29709,1927,3,301,300,286,293,,,,9
nuscenes,scene-0103_034,beam_dropout,2,20100,1326,4,155,154,151,148,-0.0122366,-0.00550433,-0.0809481,43
nuscenes,scene-0103_034,beam_dropout,3,11073,919,3,80,80,75,77,,,,19
nuscenes,scene-0103_034,beam_dropout,4,8589,648,2,55,54,52,51,,,,16
nuscenes,scene-0103_034,motion_smear,10,34688,2574,5,292,292,283,288,0.0528519,0.0364508,0.0266234,54
nuscenes,scene-0103_034,motion_smear,20,34688,2319,4,229,229,225,229,0.0669698,0.0374501,-0.011903,53
nuscenes,scene-0103_034,motion_smear,30,34688,2093,4,202,202,196,202,0.0481879,0.0134186,0.00182743,50
nuscenes,scene-0103_036,none,0,34752,2795,4,146,146,133,142,0.0265126,0.0388625,0.0319021,74
nuscenes,scene-0103_036,random_dropout,0.9,31242,2473,4,120,120,109,117,-0.000233144,0.0301182,0.0524327,67
nuscenes,scene-0103_036,random_dropout,0.7,24320,1916,3,85,85,78,82,-0.0306601,0.0336556,0.0810317,45
nuscenes,scene-0103_036,random_dropout,0.5,17346,1398,3,60,60,55,58,-0.0166629,0.0527379,0.0583836,31
nuscenes,scene-0103_036,random_dropout,0.3,10432,831,2,32,32,29,31,,,,13
nuscenes,scene-0103_036,gaussian_noise,0.02,34752,2797,4,145,145,134,141,0.0371334,0.0435298,0.0321413,70
nuscenes,scene-0103_036,gaussian_noise,0.05,34752,2795,4,142,142,132,139,-0.0269955,-0.00780886,0.0103083,145
nuscenes,scene-0103_036,gaussian_noise,0.1,34752,2800,5,151,151,140,147,-0.0372032,-0.0296942,-0.0254748,433
nuscenes,scene-0103_036,range_dropout,50,34163,2651,4,146,146,133,142,0.014402,0.0436206,0.0366798,78
nuscenes,scene-0103_036,range_dropout,30,32613,2414,4,136,136,125,134,0.0776215,0.0752372,0.0790015,50
nuscenes,scene-0103_036,range_dropout,20,30696,1850,3,113,113,102,113,,,,14
nuscenes,scene-0103_036,beam_dropout,2,20362,1228,3,71,71,64,70,-0.0151413,-0.0110017,0.0448185,53
nuscenes,scene-0103_036,beam_dropout,3,11193,897,3,46,46,42,46,,,,26
nuscenes,scene-0103_036,beam_dropout,4,8568,612,1,18,18,14,18,,,,16
nuscenes,scene-0103_036,motion_smear,10,34752,2531,3,88,88,86,86,0.0141623,0.0405002,0.0231907,76
nuscenes,scene-0103_036,motion_smear,20,34752,2278,3,58,58,57,56,-0.0119878,0.0309641,0.0481022,73
nuscenes,scene-0103_036,motion_smear,30,34752,2041,2,38,38,37,36,0.011461,0.00168806,0.0272894,63
nuscenes,scene-0103_038,none,0,34752,2734,5,137,137,133,127,0.0921091,0.0495203,0.0626918,94
nuscenes,scene-0103_038,random_dropout,0.9,31160,2441,3,109,109,106,102,0.0761352,0.0607298,0.0460183,75
nuscenes,scene-0103_038,random_dropout,0.7,24257,1939,3,86,86,84,80,0.112041,0.0662013,0.123862,65
nuscenes,scene-0103_038,random_dropout,0.5,17346,1388,3,67,67,65,63,0.134237,0.10112,0.0922549,52
nuscenes,scene-0103_038,random_dropout,0.3,10508,836,2,32,32,30,28,,,,16
nuscenes,scene-0103_038,gaussian_noise,0.02,34752,2742,4,127,127,124,119,0.0748136,0.0534905,0.0607304,86
nuscenes,scene-0103_038,gaussian_noise,0.05,34752,2753,4,126,126,122,118,0.0724479,0.0523055,0.0449212,150
nuscenes,scene-0103_038,gaussian_noise,0.1,34752,2774,4,120,120,115,112,0.0110406,-9.13292e-05,0.00529288,435
nuscenes,scene-0103_038,range_dropout,50,34149,2523,5,137,137,133,127,0.105814,0.0471887,0.0756455,83
nuscenes,scene-0103_038,range_dropout,30,33256,2365,5,137,137,133,127,0.110402,0.063682,0.0891064,83
nuscenes,scene-0103_038,range_dropout,20,31382,1872,2,62,62,61,60,,,,22
nuscenes,scene-0103_038,beam_dropout,2,15550,1274,2,49,49,46,45,0.0573933,0.043249,0.0427766,58
nuscenes,scene-0103_038,beam_dropout,3,16238,839,2,32,32,32,28,0.0260232,-0.0554691,0.0118621,34
nuscenes,scene-0103_038,beam_dropout,4,8629,592,1,10,10,10,9,,,,7
nuscenes,scene-0103_038,motion_smear,10,34752,2418,3,73,73,71,67,0.0634741,0.0536989,-0.00440297,73
nuscenes,scene-0103_038,motion_smear,20,34752,2164,2,51,51,50,49,0.0349305,0.0252985,-0.0416935,74
nuscenes,scene-0103_038,motion_smear,30,34752,1940,1,28,28,28,25,0.0118959,0.0691339,-0.0154625,73
nuscenes,scene-1094_000,none,0,34400,3549,4,545,540,530,538,-0.0366135,-0.0365041,-0.0340378,185
nuscenes,scene-1094_000,random_dropout,0.9,30974,3204,4,504,499,489,498,-0.0369371,-0.0469112,-0.0247951,156
nuscenes,scene-1094_000,random_dropout,0.7,24107,2477,3,383,379,369,378,-0.0153091,-0.0424831,-0.0211098,134
nuscenes,scene-1094_000,random_dropout,0.5,17255,1756,3,277,273,269,273,0.0105177,-0.00847939,-0.0166644,84
nuscenes,scene-1094_000,random_dropout,0.3,10182,1012,2,150,147,148,147,-0.118661,-0.0986785,-0.0698211,36
nuscenes,scene-1094_000,gaussian_noise,0.02,34400,3551,4,542,539,528,537,-0.0153637,-0.0241349,-0.0258068,199
nuscenes,scene-1094_000,gaussian_noise,0.05,34400,3560,4,535,531,517,529,0.0132853,-0.00625959,-0.0122792,246
nuscenes,scene-1094_000,gaussian_noise,0.1,34400,3572,4,522,519,501,514,0.0129671,0.00586906,0.0081546,444
nuscenes,scene-1094_000,range_dropout,50,33813,3377,4,545,540,530,538,-0.0453373,-0.0455926,-0.0433535,148
nuscenes,scene-1094_000,range_dropout,30,30403,1736,4,510,505,495,503,-0.0427963,0.0104631,-0.0967282,69
nuscenes,scene-1094_000,range_dropout,20,28297,1541,2,451,446,441,445,-0.0413618,0.0345284,-0.072879,44
nuscenes,scene-1094_000,beam_dropout,2,14433,1731,3,272,272,265,272,0.0168697,0.0127726,-0.00775129,88
nuscenes,scene-1094_000,beam_dropout,3,10295,1173,3,173,173,167,172,-0.00180671,-0.0399877,-0.026209,74
nuscenes,scene-1094_000,beam_dropout,4,7303,818,3,128,128,122,128,0.134432,0.156284,-0.0206822,38
nuscenes,scene-1094_000,motion_smear,10,34400,3304,2,111,110,94,111,0.0290385,-8.94368e-05,-0.0375832,203
nuscenes,scene-1094_000,motion_smear,20,34400,3105,1,27,27,27,21,0.0508137,0.0248691,0.0365511,237
nuscenes,scene-1094_000,motion_smear,30,34400,2889,1,25,25,25,23,0.0826264,0.0684528,0.0624891,215
nuscenes,scene-1094_002,none,0,34720,3551,6,562,532,528,520,0.103334,0.102211,0.0323329,168
nuscenes,scene-1094_002,random_dropout,0.9,31226,3213,6,508,482,479,472,0.115388,0.10126,0.0421034,144
nuscenes,scene-1094_002,random_dropout,0.7,24383,2500,5,400,381,379,374,0.0559705,0.0791747,0.0270609,119
nuscenes,scene-1094_002,random_dropout,0.5,17329,1782,3,268,255,257,251,0.0777173,0.0726257,-0.0102177,92
nuscenes,scene-1094_002,random_dropout,0.3,10369,1066,3,158,153,154,149,-0.0135515,0.0559912,0.0285656,53
nuscenes,scene-1094_002,gaussian_noise,0.02,34720,3547,6,552,529,526,515,0.0825605,0.09517,0.0112924,185
nuscenes,scene-1094_002,gaussian_noise,0.05,34720,3542,6,535,521,521,507,0.0434225,0.0976989,-0.0251171,245
nuscenes,scene-1094_002,gaussian_noise,0.1,34720,3564,6,507,498,493,477,0.0189205,0.044451,-0.00311011,437
nuscenes,scene-1094_002,range_dropout,50,34134,3373,6,562,532,528,520,0.150296,0.128104,0.0738062,111
nuscenes,scene-1094_002,range_dropout,30,30693,1744,6,533,503,500,492,0.093017,0.0283309,0.0584076,62
nuscenes,scene-1094_002,range_dropout,20,28757,1559,4,478,448,446,437,0.0633385,0.0509577,0.0769821,55
nuscenes,scene-1094_002,beam_dropout,2,16987,1581,4,288,258,258,253,0.0585894,0.12044,-0.00224355,84
nuscenes,scene-1094_002,beam_dropout,3,12602,1007,2,162,159,162,156,0.0486111,-0.000607878,0.0482282,38
nuscenes,scene-1094_002,beam_dropout,4,9411,667,2,129,126,129,122,0.194935,0.211276,0.0527831,37
nuscenes,scene-1094_002,motion_smear,10,34720,3314,3,131,121,118,119,0.124642,0.122754,0.0425728,185
nuscenes,scene-1094_002,motion_smear,20,34720,3089,2,65,63,53,58,0.096009,0.0787672,0.0646222,214
nuscenes,scene-1094_002,motion_smear,30,34720,2868,0,0,0,0,0,0.0917636,0.0783307,0.0808129,179
nuscenes,scene-1094_004,none,0,34720,3602,4,493,476,463,475,0.0286801,0.0377175,-0.0239376,163
nuscenes,scene-1094_004,random_dropout,0.9,31194,3195,4,441,426,416,425,0.0350561,0.0277518,-0.0373133,126
nuscenes,scene-1094_004,random_dropout,0.7,24134,2447,4,338,330,321,329,0.0173352,0.0170617,-0.0596914,105
nuscenes,scene-1094_004,random_dropout,0.5,17222,1738,4,244,238,230,237,0.014707,0.027239,-0.0225229,89
nuscenes,scene-1094_004,random_dropout,0.3,10344,1036,3,137,132,127,131,0.00992942,0.058028,-0.00930005,53
nuscenes,scene-1094_004,gaussian_noise,0.02,34720,3597,4,493,480,465,480,0.0286001,0.0503605,-0.0337352,176
nuscenes,scene-1094_004,gaussian_noise,0.05,34720,3593,4,491,482,473,477,0.0173698,0.0335272,-0.0342563,230
nuscenes,scene-1094_004,gaussian_noise,0.1,34720,3599,4,477,474,461,467,0.00186953,0.017516,-0.0246158,434
nuscenes,scene-1094_004,range_dropout,50,34200,3473,4,493,476,463,475,0.0312136,0.0186987,-0.00758034,116
nuscenes,scene-1094_004,range_dropout,30,30579,1778,4,479,462,451,461,-0.0382073,0.00279948,-0.0261383,51
nuscenes,scene-1094_004,range_dropout,20,28462,1553,2,394,377,373,377,0.0122474,,0.0158382,34
nuscenes,scene-1094_004,beam_dropout,2,15902,1684,4,255,238,231,237,0.00276569,0.00231698,-0.00153381,103
nuscenes,scene-1094_004,beam_dropout,3,11094,1145,3,162,162,159,162,0.0878679,-0.00457275,0.0269327,60
nuscenes,scene-1094_004,beam_dropout,4,8387,763,4,120,120,115,119,0.104371,0.102494,0.0957208,44
nuscenes,scene-1094_004,motion_smear,10,34720,3315,3,156,137,128,138,0.0279319,0.0706653,-0.0237617,141
nuscenes,scene-1094_004,motion_smear,20,34720,3092,2,35,31,31,27,0.0454511,0.0729308,-0.00741458,159
nuscenes,scene-1094_004,motion_smear,30,34720,2902,1,13,13,13,12,0.0212176,0.0337753,0.00270873,165
nuscenes,scene-1094_006,none,0,34688,3602,4,488,488,480,488,0.0350009,0.0239068,0.0108851,103
nuscenes,scene-1094_006,random_dropout,0.9,31171,3224,3,416,416,408,416,0.0355401,0.00992659,0.0110083,85
nuscenes,scene-1094_006,random_dropout,0.7,24101,2480,3,317,317,310,317,0.025859,-0.00296974,0.00120822,68
nuscenes,scene-1094_006,random_dropout,0.5,17228,1765,3,242,242,239,242,0.027726,-0.0418416,0.0155643,60
nuscenes,scene-1094_006,random_dropout,0.3,10252,1027,3,148,148,145,148,,,,24
nuscenes,scene-1094_006,gaussian_noise,0.02,34688,3600,4,496,496,489,495,0.0392844,0.0229561,0.0252351,110
nuscenes,scene-1094_006,gaussian_noise,0.05,34688,3600,4,504,503,497,502,0.036447,0.0518382,0.0104295,145
nuscenes,scene-1094_006,gaussian_noise,0.1,34688,3611,3,477,475,468,472,0.0207173,0.0319559,0.00299853,326
nuscenes,scene-1094_006,range_dropout,50,34187,3516,4,488,488,480,488,0.0123562,-0.00268155,-0.0115386,92
nuscenes,scene-1094_006,range_dropout,30,30315,1747,4,488,488,480,488,0.0996888,0.0946267,0.0334976,41
nuscenes,scene-1094_006,range_dropout,20,28222,1418,1,358,358,352,358,,,,17
nuscenes,scene-1094_006,beam_dropout,2,15764,1712,4,240,240,235,240,0.0414245,0.0168164,-0.00510803,65
nuscenes,scene-1094_006,beam_dropout,3,11059,1198,3,205,205,203,205,0.110195,0.0917737,0.0789258,78
nuscenes,scene-1094_006,beam_dropout,4,8507,824,4,147,147,143,147,0.0831959,0.0813758,0.0329463,53
nuscenes,scene-1094_006,motion_smear,10,34688,3387,3,83,83,81,83,0.0308144,0.0235065,0.0164323,103
nuscenes,scene-1094_006,motion_smear,20,34688,3203,1,14,14,14,10,0.0103216,0.00835532,0.0132481,108
nuscenes,scene-1094_006,motion_smear,30,34688,3033,1,13,13,13,11,0.0224908,0.00616103,-0.00541192,124
nuscenes,scene-1094_008,none,0,34752,3646,5,515,515,496,515,0.0585718,0.071039,-0.0212954,115
nuscenes,scene-1094_008,random_dropout,0.9,31239,3267,4,458,458,442,458,0.0438651,0.0744245,-0.0256769,95
nuscenes,scene-1094_008,random_dropout,0.7,24350,2526,4,360,360,346,360,0.0747932,0.0735272,-0.0440886,100
nuscenes,scene-1094_008,random_dropout,0.5,17338,1809,4,257,257,245,257,0.0347837,0.0747017,-0.0373859,87
nuscenes,scene-1094_008,random_dropout,0.3,10356,1094,3,153,153,142,153,0.0668535,0.0431347,-0.0190807,55
nuscenes,scene-1094_008,gaussian_noise,0.02,34752,3644,5,520,520,501,520,0.0494505,0.0509156,-0.0284912,147
nuscenes,scene-1094_008,gaussian_noise,0.05,34752,3643,5,531,531,510,531,0.038988,0.0547149,-0.011149,201
nuscenes,scene-1094_008,gaussian_noise,0.1,34752,3663,5,535,535,515,533,0.0236381,-0.000657231,-0.00516874,440
nuscenes,scene-1094_008,range_dropout,50,34199,3596,5,515,515,496,515,0.0585328,0.0717706,-0.0263877,106
nuscenes,scene-1094_008,range_dropout,30,30345,2022,4,505,505,488,505,0.0303753,0.0325954,-0.0575388,84
nuscenes,scene-1094_008,range_dropout,20,28174,1621,3,437,437,421,437,0.0753845,,-0.034388,31
nuscenes,scene-1094_008,beam_dropout,2,19839,1722,5,289,289,278,289,-0.00779444,0.0271845,-0.0638184,105
nuscenes,scene-1094_008,beam_dropout,3,15546,1259,3,173,173,166,173,0.0375844,0.0297766,-0.0608845,84
nuscenes,scene-1094_008,beam_dropout,4,12757,841,3,125,125,118,125,0.0934067,0.0526861,0.0171381,35
nuscenes,scene-1094_008,motion_smear,10,34752,3387,3,112,112,109,112,0.131569,0.0738558,0.0151314,105
nuscenes,scene-1094_008,motion_smear,20,34752,3136,0,0,0,0,0,0.0885463,0.057919,0.0483452,121
nuscenes,scene-1094_008,motion_smear,30,34752,2903,0,0,0,0,0,0.0611814,0.092456,0.0685602,134
nuscenes,scene-1094_010,none,0,34688,3592,4,202,202,202,196,0.0510793,0.0349144,-0.0183935,87
nuscenes,scene-1094_010,random_dropout,0.9,31153,3218,4,185,185,185,179,0.0577724,0.0478843,-0.010493,70
nuscenes,scene-1094_010,random_dropout,0.7,24219,2534,4,150,150,150,144,0.050357,0.0204316,0.0170053,52
nuscenes,scene-1094_010,random_dropout,0.5,17274,1810,4,101,101,101,96,0.0287631,0.0691864,0.0336851,47
nuscenes,scene-1094_010,random_dropout,0.3,10406,1105,2,46,46,46,44,,,,16
nuscenes,scene-1094_010,gaussian_noise,0.02,34688,3579,4,202,202,202,196,0.0654806,0.0519122,0.0289328,91
nuscenes,scene-1094_010,gaussian_noise,0.05,34688,3580,4,198,198,198,193,0.0466964,0.0215541,0.0311179,145
nuscenes,scene-1094_010,gaussian_noise,0.1,34688,3604,4,193,193,192,189,-0.00750045,-0.0123546,-0.00778261,403
nuscenes,scene-1094_010,range_dropout,50,34205,3550,4,202,202,202,196,0.054726,0.0277467,-0.00364539,83
nuscenes,scene-1094_010,range_dropout,30,31102,2779,4,202,202,202,196,0.0573986,0.0327713,0.0333083,53
nuscenes,scene-1094_010,range_dropout,20,28046,1677,1,34,34,34,34,,,,9
nuscenes,scene-1094_010,beam_dropout,2,20295,1770,4,129,129,129,127,0.0876569,0.0618706,0.0485598,86
nuscenes,scene-1094_010,beam_dropout,3,11017,1212,4,85,85,85,81,0.0373965,0.0318426,0.0082542,54
nuscenes,scene-1094_010,beam_dropout,4,8525,844,3,44,44,44,44,-0.0383595,-0.0453249,-0.00290221,35
nuscenes,scene-1094_010,motion_smear,10,34688,3303,3,124,124,124,123,0.048147,0.0312739,0.0266365,89
nuscenes,scene-1094_010,motion_smear,20,34688,3065,2,37,36,37,34,0.043128,0.0284841,0.0549666,105
nuscenes,scene-1094_010,motion_smear,30,34688,2890,1,28,28,28,24,0.0290751,0.0479253,0.0289599,100
nuscenes,scene-1094_012,none,0,34752,3384,6,362,362,357,356,7.00653e-05,-0.00957438,-0.00319074,100
nuscenes,scene-1094_012,random_dropout,0.9,31257,3055,6,329,329,327,324,0.0118185,-0.00197607,0.0212124,89
nuscenes,scene-1094_012,random_dropout,0.7,24310,2342,5,243,243,243,239,0.0343573,0.0232822,0.0487739,58
nuscenes,scene-1094_012,random_dropout,0.5,17350,1667,5,176,176,176,173,0.0268469,-0.0426229,0.0654531,44
nuscenes,scene-1094_012,random_dropout,0.3,10346,996,3,86,86,86,86,,,,29
nuscenes,scene-1094_012,gaussian_noise,0.02,34752,3383,6,363,363,358,356,-0.00683075,0.00312176,-0.00753367,102
nuscenes,scene-1094_012,gaussian_noise,0.05,34752,3370,6,363,363,359,354,-0.0223867,-0.0164095,-0.00853446,151
nuscenes,scene-1094_012,gaussian_noise,0.1,34752,3380,6,361,361,353,353,-0.00252777,-0.00614043,8.66801e-05,445
nuscenes,scene-1094_012,range_dropout,50,34270,3297,6,362,362,357,356,-0.0426386,-0.0474073,-0.0341132,88
nuscenes,scene-1094_012,range_dropout,30,31586,2828,6,362,362,357,356,-0.0601484,-0.0545736,-0.0631897,69
nuscenes,scene-1094_012,range_dropout,20,28273,1989,4,244,244,240,242,,,,17
nuscenes,scene-1094_012,beam_dropout,2,20320,1609,5,228,228,225,225,0.0391814,0.0138987,0.00947136,52
nuscenes,scene-1094_012,beam_dropout,3,11033,1159,5,147,147,144,144,-0.0437341,-0.0352556,-0.0179914,52
nuscenes,scene-1094_012,beam_dropout,4,8527,810,4,106,106,105,105,,,,23
nuscenes,scene-1094_012,motion_smear,10,34752,3126,5,221,221,217,219,-0.0175351,-0.0165404,-0.00455244,103
nuscenes,scene-1094_012,motion_smear,20,34752,2919,2,28,28,28,28,-0.0298481,-0.0352636,-0.0403656,113
nuscenes,scene-1094_012,motion_smear,30,34752,2727,1,29,29,29,22,-0.0318093,0.00424282,-0.0153647,147
nuscenes,scene-1094_014,none,0,34720,2899,8,536,536,525,523,0.0946399,0.0836146,0.0522095,61
nuscenes,scene-1094_014,random_dropout,0.9,31301,2604,7,474,474,464,462,0.0980151,0.104795,0.0467804,62
nuscenes,scene-1094_014,random_dropout,0.7,24323,2024,6,364,364,357,354,0.0906564,0.103319,0.0810825,55
nuscenes,scene-1094_014,random_dropout,0.5,17230,1458,4,242,242,238,235,0.0447935,0.103591,0.0997326,63
nuscenes,scene-1094_014,random_dropout,0.3,10387,864,3,136,136,133,132,0.0649636,0.179972,0.12664,30
nuscenes,scene-1094_014,gaussian_noise,0.02,34720,2891,8,536,536,525,524,0.0956947,0.0730973,0.0427872,58
nuscenes,scene-1094_014,gaussian_noise,0.05,34720,2896,8,536,534,522,523,0.0742091,0.0683872,0.0554931,143
nuscenes,scene-1094_014,gaussian_noise,0.1,34720,2910,8,537,536,523,525,0.0212983,0.0364469,0.0175202,416
nuscenes,scene-1094_014,range_dropout,50,34260,2736,8,536,536,525,523,0.0617466,0.00507155,0.0143481,47
nuscenes,scene-1094_014,range_dropout,30,31669,2398,6,509,509,499,496,-0.0198677,-0.00228047,0.00910199,31
nuscenes,scene-1094_014,range_dropout,20,28276,2166,4,485,485,476,474,,,,17
nuscenes,scene-1094_014,beam_dropout,2,20448,1544,7,279,279,273,273,0.0600909,0.0681384,0.0851717,33
nuscenes,scene-1094_014,beam_dropout,3,11260,982,5,192,192,187,187,-0.0364572,0.00706774,-0.0380341,30
nuscenes,scene-1094_014,beam_dropout,4,8539,702,3,115,115,113,110,,,,17
nuscenes,scene-1094_014,motion_smear,10,34720,2627,6,339,339,329,339,0.106877,0.117744,0.0464154,68
nuscenes,scene-1094_014,motion_smear,20,34720,2409,4,122,122,121,122,0.080316,0.0762977,0.0499441,105
nuscenes,scene-1094_014,motion_smear,30,34720,2220,3,41,41,41,41,0.0818536,0.0863625,0.0939667,118
nuscenes,scene-1094_016,none,0,34816,2790,5,141,141,134,139,0.0385495,0.055943,0.0416042,121
nuscenes,scene-1094_016,random_dropout,0.9,31321,2502,5,125,125,118,123,0.0259317,0.0690715,0.0392661,106
nuscenes,scene-1094_016,random_dropout,0.7,24314,1995,5,94,94,87,93,0.0161296,0.0210755,0.0330376,79
nuscenes,scene-1094_016,random_dropout,0.5,17302,1402,3,48,48,44,47,0.0374356,0.047848,0.0617455,68
nuscenes,scene-1094_016,random_dropout,0.3,10295,845,2,22,22,19,21,-0.0312946,0.00632712,-0.0247398,32
nuscenes,scene-1094_016,gaussian_noise,0.02,34816,2786,5,141,141,133,139,0.0346897,0.0461903,0.0344174,122
nuscenes,scene-1094_016,gaussian_noise,0.05,34816,2784,5,147,145,140,142,0.0150318,0.00715375,-0.00939849,184
nuscenes,scene-1094_016,gaussian_noise,0.1,34816,2809,5,146,145,136,141,0.00801128,0.00719339,0.0140303,410
nuscenes,scene-1094_016,range_dropout,50,34302,2558,5,141,141,134,139,0.0102446,0.0311109,0.0122992,103
nuscenes,scene-1094_016,range_dropout,30,31569,2250,4,124,124,120,122,0.0480865,0.0801395,0.0374861,49
nuscenes,scene-1094_016,range_dropout,20,28437,1915,2,82,82,78,80,0.0268,0.0938845,0.0367121,33
nuscenes,scene-1094_016,beam_dropout,2,20369,1275,3,64,64,60,63,0.0160261,-0.0149882,0.0341958,89
nuscenes,scene-1094_016,beam_dropout,3,11024,749,2,29,29,28,28,-0.0333361,0.0215791,0.00531295,57
nuscenes,scene-1094_016,beam_dropout,4,8295,456,1,17,17,16,16,-0.0077441,-0.045836,0.0210378,41
nuscenes,scene-1094_016,motion_smear,10,34816,2519,4,84,84,82,82,0.044208,0.0233063,0.00823674,131
nuscenes,scene-1094_016,motion_smear,20,34816,2307,3,39,39,37,35,0.0376296,0.0203148,0.0275104,141
nuscenes,scene-1094_016,motion_smear,30,34816,2121,1,17,17,17,17,0.0246386,-0.00492901,-0.00218508,135
nuscenes,scene-1094_018,none,0,34688,2766,3,94,93,88,84,0.0463058,0.07932,0.0518497,102
nuscenes,scene-1094_018,random_dropout,0.9,31127,2484,3,81,80,75,71,0.0505391,0.0672324,0.0392666,100
nuscenes,scene-1094_018,random_dropout,0.7,24293,1928,2,54,53,51,49,0.0870234,0.0529128,0.0335037,90
nuscenes,scene-1094_018,random_dropout,0.5,17335,1380,2,32,32,30,27,0.0423325,0.0321002,0.0173188,85
nuscenes,scene-1094_018,random_dropout,0.3,10364,853,1,14,14,12,12,0.0482371,0.0578972,0.0671833,37
nuscenes,scene-1094_018,gaussian_noise,0.02,34688,2764,3,94,94,88,82,0.0513702,0.100956,0.0272743,113
nuscenes,scene-1094_018,gaussian_noise,0.05,34688,2765,3,94,94,88,83,0.0139141,0.0304578,-0.00350356,182
nuscenes,scene-1094_018,gaussian_noise,0.1,34688,2780,3,96,96,88,85,0.00943649,0.0186767,-0.00162597,447
nuscenes,scene-1094_018,range_dropout,50,34156,2599,3,94,93,88,84,0.0278146,0.0813445,0.0359771,84
nuscenes,scene-1094_018,range_dropout,30,31293,2379,2,84,83,80,74,0.0653089,0.106365,0.0542838,71
nuscenes,scene-1094_018,range_dropout,20,28481,2150,2,80,79,77,70,0.154953,0.222351,0.109114,39
nuscenes,scene-1094_018,beam_dropout,2,15474,1289,2,45,45,43,40,0.0430899,0.0148738,0.0561083,100
nuscenes,scene-1094_018,beam_dropout,3,10916,805,2,37,36,35,31,0.0333261,0.0544598,0.0128791,58
nuscenes,scene-1094_018,beam_dropout,4,8228,489,0,0,0,0,0,0.035217,-0.000717074,0.0810454,35
nuscenes,scene-1094_018,motion_smear,10,34688,2480,3,57,56,55,53,0.0602498,0.0225731,0.0234242,116
nuscenes,scene-1094_018,motion_smear,20,34688,2238,2,35,35,35,35,0.0355003,0.0525925,0.0379654,130
nuscenes,scene-1094_018,motion_smear,30,34688,2041,1,21,21,21,19,0.0737288,0.0478383,0.0803645,139
nuscenes,scene-1094_020,none,0,34720,2805,2,61,61,55,58,0.0195014,0.0165227,0.0192393,169
nuscenes,scene-1094_020,random_dropout,0.9,31310,2534,2,54,54,49,51,0.0284101,0.0186479,0.00805762,165
nuscenes,scene-1094_020,random_dropout,0.7,24219,1979,2,37,37,34,35,0.0337746,-0.0200697,0.0379952,137
nuscenes,scene-1094_020,random_dropout,0.5,17445,1429,2,23,23,21,21,0.0253637,-0.00194809,0.015515,119
nuscenes,scene-1094_020,random_dropout,0.3,10510,868,0,0,0,0,0,-0.0632696,-0.0297648,0.00109273,55
nuscenes,scene-1094_020,gaussian_noise,0.02,34720,2799,2,61,61,55,58,0.0157783,0.014848,0.0211662,178
nuscenes,scene-1094_020,gaussian_noise,0.05,34720,2796,2,61,60,55,57,-0.0106246,-0.00952882,-0.0073477,242
nuscenes,scene-1094_020,gaussian_noise,0.1,34720,2808,2,59,58,54,54,-0.0179443,0.0067343,-0.0306081,432
nuscenes,scene-1094_020,range_dropout,50,34005,2557,2,61,61,55,58,0.00294513,-0.00535315,0.000166953,132
nuscenes,scene-1094_020,range_dropout,30,31714,2284,2,61,61,55,58,0.0277171,0.0172487,0.0296212,104
nuscenes,scene-1094_020,range_dropout,20,28586,2054,2,52,52,46,49,0.0573179,0.0558488,0.0475809,66
nuscenes,scene-1094_020,beam_dropout,2,15385,1301,2,28,28,27,27,-0.000371009,0.00542846,0.0282807,100
nuscenes,scene-1094_020,beam_dropout,3,11151,914,1,15,15,12,14,0.0465582,0.0506331,0.0497609,75
nuscenes,scene-1094_020,beam_dropout,4,8459,589,0,0,0,0,0,-0.058077,-0.054204,-0.0263738,30
nuscenes,scene-1094_020,motion_smear,10,34720,2492,1,16,16,16,16,0.0317959,0.0140753,-0.00227019,189
nuscenes,scene-1094_020,motion_smear,20,34720,2234,1,11,11,11,11,0.0289982,0.0325567,0.0109046,175
nuscenes,scene-1094_020,motion_smear,30,34720,2003,0,0,0,0,0,0.025145,0.0302636,0.00593135,168
nuscenes,scene-1094_022,none,0,34656,2873,2,49,49,46,46,0.0409428,0.048018,0.0340448,199
nuscenes,scene-1094_022,random_dropout,0.9,31137,2589,2,44,44,41,42,0.0349447,0.0191149,0.031347,191
nuscenes,scene-1094_022,random_dropout,0.7,24257,2006,2,34,34,31,32,0.0456525,0.0172356,0.0406087,161
nuscenes,scene-1094_022,random_dropout,0.5,17231,1421,2,25,25,23,23,0.0157236,0.0449955,0.0450217,113
nuscenes,scene-1094_022,random_dropout,0.3,10376,840,0,0,0,0,0,0.0468174,0.106644,0.0313645,37
nuscenes,scene-1094_022,gaussian_noise,0.02,34656,2873,2,48,48,45,45,0.0405821,0.031187,0.0293264,212
nuscenes,scene-1094_022,gaussian_noise,0.05,34656,2869,2,48,48,45,43,0.0245157,0.0239045,0.0266502,262
nuscenes,scene-1094_022,gaussian_noise,0.1,34656,2880,2,49,48,45,44,-0.00688811,-0.00494938,0.0100584,503
nuscenes,scene-1094_022,range_dropout,50,33790,2500,2,49,49,46,46,0.0123252,-0.00229226,0.0273951,138
nuscenes,scene-1094_022,range_dropout,30,31722,2138,2,49,49,46,46,-0.022751,0.0261849,0.0729071,77
nuscenes,scene-1094_022,range_dropout,20,28589,1865,1,17,17,17,16,0.0382543,0.00353552,0.0431189,65
nuscenes,scene-1094_022,beam_dropout,2,15227,1320,2,23,23,22,22,0.0457165,0.0347656,0.026485,82
nuscenes,scene-1094_022,beam_dropout,3,10947,896,2,25,25,23,23,-0.0228995,0.0199156,0.0292759,74
nuscenes,scene-1094_022,beam_dropout,4,8385,575,0,0,0,0,0,,,,24
nuscenes,scene-1094_022,motion_smear,10,34656,2586,1,19,19,19,19,0.0363929,0.0426483,0.0405193,210
nuscenes,scene-1094_022,motion_smear,20,34656,2368,1,15,15,15,15,0.025392,0.0425202,0.0281496,232
nuscenes,scene-1094_022,motion_smear,30,34656,2197,1,11,11,11,11,0.0255848,0.0393383,0.031499,219
nuscenes,scene-1094_024,none,0,34688,2983,2,32,32,27,24,0.0535538,0.0195468,0.0479291,222
nuscenes,scene-1094_024,random_dropout,0.9,31316,2669,1,20,20,16,17,0.0492201,0.0095679,0.0466508,206
nuscenes,scene-1094_024,random_dropout,0.7,24198,2050,1,12,12,10,10,0.0429706,0.0050758,0.0418141,151
nuscenes,scene-1094_024,random_dropout,0.5,17324,1474,0,0,0,0,0,0.0445168,-0.0125736,0.044831,111
nuscenes,scene-1094_024,random_dropout,0.3,10436,894,0,0,0,0,0,0.0833039,0.0276327,0.0554696,50
nuscenes,scene-1094_024,gaussian_noise,0.02,34688,2978,2,32,32,28,24,0.0488139,0.0267985,0.0440659,227
nuscenes,scene-1094_024,gaussian_noise,0.05,34688,2982,2,32,32,28,23,0.0314414,0.0184449,0.0199059,285
nuscenes,scene-1094_024,gaussian_noise,0.1,34688,2996,2,34,33,29,27,-0.0166261,0.00248177,-0.015494,561
nuscenes,scene-1094_024,range_dropout,50,33559,2616,2,32,32,27,24,0.0606081,0.0288408,0.0344412,147
nuscenes,scene-1094_024,range_dropout,30,31673,2271,2,32,32,27,24,0.0629181,0.0381126,0.0589848,50
nuscenes,scene-1094_024,range_dropout,20,28364,1856,1,11,11,10,6,,,,8
nuscenes,scene-1094_024,beam_dropout,2,15396,1260,1,12,12,10,10,-0.00323559,0.0245632,0.00320372,120
nuscenes,scene-1094_024,beam_dropout,3,11151,917,0,0,0,0,0,0.0206367,-0.00702161,0.0554596,71
nuscenes,scene-1094_024,beam_dropout,4,8414,605,0,0,0,0,0,-0.0488568,-0.00346065,-0.039113,35
nuscenes,scene-1094_024,motion_smear,10,34688,2709,0,0,0,0,0,0.0289285,0.0323634,0.0282353,251
nuscenes,scene-1094_024,motion_smear,20,34688,2476,0,0,0,0,0,0.0245202,0.0433448,0.0071491,255
nuscenes,scene-1094_024,motion_smear,30,34688,2269,0,0,0,0,0,0.0309284,0.0416815,0.0213325,271
nuscenes,scene-1094_026,none,0,34752,3004,1,30,30,27,24,0.0490317,0.0250622,0.00727211,194
nuscenes,scene-1094_026,random_dropout,0.9,31266,2691,1,27,27,24,22,0.0464147,0.0101934,0.0314583,182
nuscenes,scene-1094_026,random_dropout,0.7,24339,2080,1,21,21,18,18,0.0668667,0.0383784,0.0195756,151
nuscenes,scene-1094_026,random_dropout,0.5,17385,1460,1,18,18,15,16,0.0742159,0.036549,0.00173981,99
nuscenes,scene-1094_026,random_dropout,0.3,10337,859,1,10,10,7,8,0.0479101,-0.00826404,0.0239887,48
nuscenes,scene-1094_026,gaussian_noise,0.02,34752,2991,1,30,30,27,24,0.0561422,0.0211565,0.00870867,206
nuscenes,scene-1094_026,gaussian_noise,0.05,34752,3001,1,30,30,27,24,0.0301955,0.0321444,-0.0159989,262
nuscenes,scene-1094_026,gaussian_noise,0.1,34752,3009,1,29,29,26,23,0.00227214,0.00835183,-0.0138838,531
nuscenes,scene-1094_026,range_dropout,50,33642,2676,1,30,30,27,24,0.0749603,0.0344864,0.0350336,138
nuscenes,scene-1094_026,range_dropout,30,30973,2174,1,30,30,27,24,0.00652908,-0.0270379,-0.0152366,71
nuscenes,scene-1094_026,range_dropout,20,28723,1946,0,0,0,0,0,0.0348368,-0.0211504,0.0193604,55
nuscenes,scene-1094_026,beam_dropout,2,15743,1292,1,10,10,9,8,0.00262567,0.0342553,-0.0045144,131
nuscenes,scene-1094_026,beam_dropout,3,11431,1014,0,0,0,0,0,0.00779872,0.00775756,0.0114851,76
nuscenes,scene-1094_026,beam_dropout,4,8927,672,0,0,0,0,0,-0.027152,-0.00213642,-0.0428684,62
nuscenes,scene-1094_026,motion_smear,10,34752,2727,0,0,0,0,0,0.0546113,0.0193171,0.022181,229
nuscenes,scene-1094_026,motion_smear,20,34752,2500,0,0,0,0,0,0.0334006,0.0251106,0.0455311,227
nuscenes,scene-1094_026,motion_smear,30,34752,2312,0,0,0,0,0,0.0216354,0.0108135,0.0516457,237
nuscenes,scene-1094_028,none,0,34752,2981,1,37,37,36,30,0.0250024,0.0366445,0.0453115,201
nuscenes,scene-1094_028,random_dropout,0.9,31187,2687,1,35,35,34,28,0.0358361,0.0298523,0.0568133,172
nuscenes,scene-1094_028,random_dropout,0.7,24236,2050,1,27,27,26,22,0.0445931,0.0678288,0.0550385,138
nuscenes,scene-1094_028,random_dropout,0.5,17387,1463,1,17,17,16,15,0.0124524,0.0318174,0.0806764,101
nuscenes,scene-1094_028,random_dropout,0.3,10350,880,1,11,11,10,10,-0.0347156,0.0641008,0.0215431,58
nuscenes,scene-1094_028,gaussian_noise,0.02,34752,2984,1,37,37,37,29,0.0277155,0.0379054,0.0356228,202
nuscenes,scene-1094_028,gaussian_noise,0.05,34752,2977,1,39,39,38,28,0.00742403,0.0102558,0.0224587,260
nuscenes,scene-1094_028,gaussian_noise,0.1,34752,2988,1,41,39,37,29,-0.0273764,-0.00577188,-0.0181606,517
nuscenes,scene-1094_028,range_dropout,50,33425,2605,1,37,37,36,30,0.0174156,0.0425996,0.060055,110
nuscenes,scene-1094_028,range_dropout,30,29914,2057,1,37,37,36,30,0.0142082,0.0398688,0.00468197,41
nuscenes,scene-1094_028,range_dropout,20,28141,1773,1,37,37,36,30,,,,16
nuscenes,scene-1094_028,beam_dropout,2,20116,1267,1,19,19,18,15,0.00602387,-0.00471307,0.0127349,94
nuscenes,scene-1094_028,beam_dropout,3,15827,900,1,12,12,12,10,0.0429404,0.0962443,0.092955,67
nuscenes,scene-1094_028,beam_dropout,4,13177,600,1,11,11,10,8,,,,27
nuscenes,scene-1094_028,motion_smear,10,34752,2681,1,20,20,20,20,0.0265024,0.0324619,0.00531453,228
nuscenes,scene-1094_028,motion_smear,20,34752,2450,0,0,0,0,0,0.0505951,0.037973,0.00539662,209
nuscenes,scene-1094_028,motion_smear,30,34752,2246,0,0,0,0,0,0.0165823,0.0331905,-0.0104892,250
nuscenes,scene-1094_030,none,0,34720,3095,2,73,73,68,70,0.0188007,2.32607e-05,0.00841683,181
nuscenes,scene-1094_030,random_dropout,0.9,31215,2794,2,66,66,61,63,0.023753,-0.0114973,0.0148545,152
nuscenes,scene-1094_030,random_dropout,0.7,24213,2166,2,48,48,45,47,0.00513893,-0.00295702,0.0166093,136
nuscenes,scene-1094_030,random_dropout,0.5,17222,1529,2,36,36,34,35,-0.00937022,0.0286077,0.0206988,96
nuscenes,scene-1094_030,random_dropout,0.3,10349,928,1,16,16,15,16,-0.0306882,-0.00141282,0.0381166,46
nuscenes,scene-1094_030,gaussian_noise,0.02,34720,3089,2,73,73,66,70,0.0144862,0.00328581,0.00109608,179
nuscenes,scene-1094_030,gaussian_noise,0.05,34720,3087,2,71,71,64,68,0.0101594,0.00276707,0.0163985,257
nuscenes,scene-1094_030,gaussian_noise,0.1,34720,3086,2,71,70,62,67,-0.00949195,-0.0171473,-0.015447,549
nuscenes,scene-1094_030,range_dropout,50,33369,2813,2,73,73,68,70,0.0387537,0.0322121,0.0197075,105
nuscenes,scene-1094_030,range_dropout,30,30050,2253,1,41,41,38,40,0.104102,0.161827,0.00897709,45
nuscenes,scene-1094_030,range_dropout,20,27371,1811,1,41,41,38,40,,,,22
nuscenes,scene-1094_030,beam_dropout,2,20166,1398,2,47,47,43,44,-0.0310888,-0.0330095,-0.0121382,111
nuscenes,scene-1094_030,beam_dropout,3,15845,982,1,15,15,14,14,-0.0568981,-0.0573137,-0.0142645,66
nuscenes,scene-1094_030,beam_dropout,4,13111,669,0,0,0,0,0,0.051057,,0.000118196,30
nuscenes,scene-1094_030,motion_smear,10,34720,2817,1,24,24,24,23,0.0244538,-0.0114105,0.0165862,189
nuscenes,scene-1094_030,motion_smear,20,34720,2589,1,23,23,23,23,-0.00232168,-0.0230461,-0.00489044,232
nuscenes,scene-1094_030,motion_smear,30,34720,2361,1,22,22,22,22,-0.00359869,-0.0207607,-0.00330457,208
nuscenes,scene-1094_032,none,0,34784,2999,1,108,108,104,108,-0.0148149,0.00688218,-0.0404373,166
nuscenes,scene-1094_032,random_dropout,0.9,31370,2728,1,97,97,93,97,-0.0173517,0.0107288,-0.0421365,153
nuscenes,scene-1094_032,random_dropout,0.7,24401,2119,1,79,79,75,79,-0.0140301,0.0158443,-0.0243008,118
nuscenes,scene-1094_032,random_dropout,0.5,17357,1537,1,51,51,48,51,-0.0212919,0.0114556,0.00682499,77
nuscenes,scene-1094_032,random_dropout,0.3,10535,883,1,34,34,31,34,0.029356,-0.0298953,0.090108,33
nuscenes,scene-1094_032,gaussian_noise,0.02,34784,2988,1,108,108,105,108,-0.0153625,0.00876701,-0.0318535,166
nuscenes,scene-1094_032,gaussian_noise,0.05,34784,2988,1,108,108,105,107,-0.00592865,0.0113933,-0.0384101,255
nuscenes,scene-1094_032,gaussian_noise,0.1,34784,2987,1,106,106,103,105,-0.000563636,-0.00484872,-0.0177973,503
nuscenes,scene-1094_032,range_dropout,50,33229,2776,1,108,108,104,108,-0.0331728,-0.0112782,-0.0422802,118
nuscenes,scene-1094_032,range_dropout,30,29907,2344,1,95,95,95,95,,,,27
nuscenes,scene-1094_032,range_dropout,20,27239,1973,0,0,0,0,0,,,,4
nuscenes,scene-1094_032,beam_dropout,2,20277,1418,1,70,70,67,70,-0.0164668,0.0116496,-0.021708,113
nuscenes,scene-1094_032,beam_dropout,3,16093,1014,1,45,45,44,45,-0.0164587,-0.00420514,0.0138594,84
nuscenes,scene-1094_032,beam_dropout,4,13176,727,1,21,21,20,21,0.00256652,0.0434434,0.0267392,42
nuscenes,scene-1094_032,motion_smear,10,34784,2731,1,108,108,108,102,-0.0105579,0.0170313,-0.0416455,183
nuscenes,scene-1094_032,motion_smear,20,34784,2502,1,100,100,100,96,0.00131041,0.015649,-0.0397319,176
nuscenes,scene-1094_032,motion_smear,30,34784,2297,1,93,93,93,91,0.0204089,-0.00256456,-0.0175036,206
nuscenes,scene-1094_034,none,0,34720,2856,1,13,13,13,13,0.0229869,-0.0029733,0.0247703,199
nuscenes,scene-1094_034,random_dropout,0.9,31237,2550,1,12,12,12,12,0.0210211,0.0135535,0.0202051,182
nuscenes,scene-1094_034,random_dropout,0.7,24337,1978,0,0,0,0,0,0.0270492,0.0182929,0.0229584,149
nuscenes,scene-1094_034,random_dropout,0.5,17302,1376,0,0,0,0,0,0.0178472,0.0612752,0.0357286,101
nuscenes,scene-1094_034,random_dropout,0.3,10229,839,0,0,0,0,0,-0.00949806,0.0007516,0.0560701,51
nuscenes,scene-1094_034,gaussian_noise,0.02,34720,2839,1,13,13,13,13,0.0278942,-0.00469391,0.0251109,200
nuscenes,scene-1094_034,gaussian_noise,0.05,34720,2838,1,13,13,13,13,0.0125349,-0.00971054,0.00195435,263
nuscenes,scene-1094_034,gaussian_noise,0.1,34720,2842,1,13,12,12,12,-0.0201624,-0.0285007,-0.00864714,505
nuscenes,scene-1094_034,range_dropout,50,33190,2670,1,13,13,13,13,0.0151608,-0.00570339,0.0303546,174
nuscenes,scene-1094_034,range_dropout,30,30740,2246,1,13,13,13,13,0.00261545,-0.0357973,0.0184391,80
nuscenes,scene-1094_034,range_dropout,20,28662,1916,1,13,13,13,13,0.012548,-0.095661,-0.0189051,31
nuscenes,scene-1094_034,beam_dropout,2,20316,1436,0,0,0,0,0,-0.02929,-0.0450213,-0.0486047,96
nuscenes,scene-1094_034,beam_dropout,3,15701,732,0,0,0,0,0,0.0122087,-0.0480075,-0.0127834,68
nuscenes,scene-1094_034,beam_dropout,4,13187,690,0,0,0,0,0,0.0685076,,0.0121909,30
nuscenes,scene-1094_034,motion_smear,10,34720,2568,0,0,0,0,0,0.0109653,-0.012983,0.0149004,222
nuscenes,scene-1094_034,motion_smear,20,34720,2332,0,0,0,0,0,0.0270818,-0.00958015,-0.00256349,238
nuscenes,scene-1094_034,motion_smear,30,34720,2122,0,0,0,0,0,0.000944123,-0.00280997,0.0134522,237
nuscenes,scene-1094_036,none,0,34720,2760,1,17,17,14,13,-0.0155059,-0.0258517,0.000979319,184
nuscenes,scene-1094_036,random_dropout,0.9,31318,2503,1,16,16,13,12,-0.0133336,-0.021923,-0.00929368,181
nuscenes,scene-1094_036,random_dropout,0.7,24301,1900,1,15,15,12,11,-0.00528069,-0.0361887,0.000119478,140
nuscenes,scene-1094_036,random_dropout,0.5,17367,1343,1,10,10,8,7,-0.00381926,-0.0194095,-0.00686099,92
nuscenes,scene-1094_036,random_dropout,0.3,10377,843,0,0,0,0,0,0.0353003,-0.0273874,0.0289862,58
nuscenes,scene-1094_036,gaussian_noise,0.02,34720,2765,1,17,17,14,13,-0.0117604,-0.0280331,0.0016048,189
nuscenes,scene-1094_036,gaussian_noise,0.05,34720,2759,1,17,17,14,13,-0.013287,-0.0418211,-0.00138155,227
nuscenes,scene-1094_036,gaussian_noise,0.1,34720,2768,1,17,17,14,13,-0.00717737,-0.013864,-0.0171184,477
nuscenes,scene-1094_036,range_dropout,50,33215,2602,1,17,17,14,13,0.00911297,-0.0168807,-0.0113992,165
nuscenes,scene-1094_036,range_dropout,30,31260,2270,1,17,17,14,13,-0.00622527,-0.0262278,-0.000486523,98
nuscenes,scene-1094_036,range_dropout,20,28607,1835,0,0,0,0,0,-0.0872865,-0.0444462,-0.0849753,41
nuscenes,scene-1094_036,beam_dropout,2,20253,1340,1,17,17,14,13,0.0596235,0.00874662,0.029747,124
nuscenes,scene-1094_036,beam_dropout,3,16011,938,0,0,0,0,0,0.0414018,0.00624433,-0.0271304,70
nuscenes,scene-1094_036,beam_dropout,4,13184,711,0,0,0,0,0,0.0432031,-0.0426708,-0.0252476,65
nuscenes,scene-1094_036,motion_smear,10,34720,2475,0,0,0,0,0,-0.00420332,-0.00889495,-0.0117857,202
nuscenes,scene-1094_036,motion_smear,20,34720,2231,0,0,0,0,0,-0.0147679,-0.0253405,-0.0127223,227
nuscenes,scene-1094_036,motion_smear,30,34720,2006,0,0,0,0,0,-0.00474441,-0.0120567,-0.0184927,228
nuscenes,scene-1094_038,none,0,34688,2624,2,56,56,51,50,0.0338526,-0.0202966,0.0212133,151
nuscenes,scene-1094_038,random_dropout,0.9,31310,2352,2,50,50,46,44,0.0514122,-0.00646725,0.01767,149
nuscenes,scene-1094_038,random_dropout,0.7,24420,1820,2,41,41,37,38,0.0325175,0.00472412,0.0269082,132
nuscenes,scene-1094_038,random_dropout,0.5,17465,1280,2,29,29,26,27,0.0397981,-0.0045498,0.0425496,80
nuscenes,scene-1094_038,random_dropout,0.3,10339,761,1,11,11,11,11,0.0546396,0.00859055,0.0686052,39
nuscenes,scene-1094_038,gaussian_noise,0.02,34688,2622,2,56,56,51,50,0.0432156,-0.0193868,0.0306943,154
nuscenes,scene-1094_038,gaussian_noise,0.05,34688,2623,2,56,56,51,50,0.0507084,-0.0220002,0.0507107,237
nuscenes,scene-1094_038,gaussian_noise,0.1,34688,2631,2,57,57,51,51,0.00926861,-0.021264,0.0179122,479
nuscenes,scene-1094_038,range_dropout,50,33299,2382,2,56,56,51,50,-0.000706553,-0.0371189,0.0243005,115
nuscenes,scene-1094_038,range_dropout,30,31070,2122,2,56,56,51,50,-0.0117344,-0.0299526,0.0296736,71
nuscenes,scene-1094_038,range_dropout,20,28442,1845,1,35,35,35,33,-0.0201068,-0.000859141,0.0238202,46
nuscenes,scene-1094_038,beam_dropout,2,15639,1316,1,20,20,20,20,0.055935,-0.0366909,0.0219534,73
nuscenes,scene-1094_038,beam_dropout,3,10945,638,1,18,18,17,16,-0.0363345,-0.0725575,-0.0369032,37
nuscenes,scene-1094_038,beam_dropout,4,8443,600,1,14,14,14,14,,,,20
nuscenes,scene-1094_038,motion_smear,10,34688,2334,1,25,25,25,24,0.0188517,-0.0379506,0.0139783,188
nuscenes,scene-1094_038,motion_smear,20,34688,2099,1,11,11,11,11,0.0133284,-0.0264778,0.0356686,193
nuscenes,scene-1094_038,motion_smear,30,34688,1918,0,0,0,0,0,0.00703166,-0.00444539,0.0258681,209
