frame_id,dt_ms,shift_px_median,shift_px_p95,n_objects,n_object_points,hit_ego_comp_pct,hit_no_comp_pct,hit_drop_pp
scene-0103_000,-35.1860,9.7884,37.7427,0,0,,,
scene-0103_001,-35.6210,9.3483,36.1498,1,14,100.0000,85.7143,14.2857
scene-0103_002,-35.4890,9.5674,34.9974,1,11,100.0000,100.0000,0.0000
scene-0103_003,-35.3650,9.6965,34.3936,2,27,100.0000,100.0000,0.0000
scene-0103_004,-35.7880,10.5724,35.0738,2,69,100.0000,100.0000,0.0000
scene-0103_005,-36.2260,11.5453,43.3333,1,13,100.0000,100.0000,0.0000
scene-0103_006,-36.6620,11.0777,38.9634,2,32,100.0000,100.0000,0.0000
scene-0103_007,-36.5290,12.8255,42.7015,2,101,100.0000,100.0000,0.0000
scene-0103_008,-36.4200,11.2265,40.6327,1,46,100.0000,100.0000,0.0000
scene-0103_009,-35.7470,8.7268,37.2070,2,28,100.0000,100.0000,0.0000
scene-0103_010,-35.6160,10.0167,36.9584,4,73,100.0000,93.1507,6.8493
scene-0103_011,-35.4860,7.7587,31.0112,3,66,98.4848,90.9091,7.5758
scene-0103_012,-35.3620,7.0955,26.0136,3,109,100.0000,100.0000,0.0000
scene-0103_013,-34.6210,6.3109,21.2262,3,178,100.0000,100.0000,0.0000
scene-0103_014,-34.4950,4.9013,15.6522,3,251,100.0000,100.0000,0.0000
scene-0103_015,-34.3810,3.5630,10.4054,3,335,100.0000,99.1045,0.8955
scene-0103_016,-34.2320,2.3602,7.5852,2,300,99.3333,98.6667,0.6667
scene-0103_017,-34.3300,2.2482,7.2026,2,134,100.0000,100.0000,0.0000
scene-0103_018,-34.7750,2.1210,7.3912,3,150,100.0000,100.0000,0.0000
scene-0103_019,-35.1840,2.3450,8.3671,3,160,100.0000,100.0000,0.0000
scene-0103_020,-35.6160,2.8142,10.5001,3,140,100.0000,100.0000,0.0000
scene-0103_021,-35.8180,3.3014,11.0028,4,186,100.0000,100.0000,0.0000
scene-0103_022,-37.7600,4.0775,13.7948,2,157,100.0000,98.7261,1.2739
scene-0103_023,-36.1320,3.9222,14.2101,3,32,96.8750,96.8750,0.0000
scene-0103_024,-35.9930,4.6432,16.9206,3,46,100.0000,100.0000,0.0000
scene-0103_025,-35.3290,5.6496,19.2238,4,62,100.0000,100.0000,0.0000
scene-0103_026,-35.2020,5.6929,19.6742,4,74,100.0000,98.6486,1.3514
scene-0103_027,-35.0860,6.7457,23.3552,3,85,100.0000,100.0000,0.0000
scene-0103_028,-34.6460,6.7445,23.3419,4,116,100.0000,100.0000,0.0000
scene-0103_029,-34.8330,7.1752,23.8285,4,145,100.0000,97.9310,2.0690
scene-0103_030,-34.7300,7.7056,26.0535,4,156,100.0000,100.0000,0.0000
scene-0103_031,-34.5890,7.7673,27.2061,6,239,100.0000,96.6527,3.3473
scene-0103_032,-34.4620,8.1242,28.6753,6,250,100.0000,100.0000,0.0000
scene-0103_033,-34.8550,9.2778,31.2492,5,253,100.0000,97.6285,2.3715
scene-0103_034,-35.3410,9.6707,31.4270,5,357,99.7199,95.7983,3.9216
scene-0103_035,-35.3020,10.0638,32.8602,5,221,100.0000,99.5475,0.4525
scene-0103_036,-35.6450,10.3153,34.8054,4,146,100.0000,97.9452,2.0548
scene-0103_037,-35.5240,10.9264,34.6142,4,229,99.5633,94.7598,4.8035
scene-0103_038,-36.5120,10.8821,43.5116,5,137,100.0000,100.0000,0.0000
scene-0103_039,-35.8230,10.9550,35.2427,4,223,100.0000,100.0000,0.0000
scene-1094_000,-35.6590,0.1269,0.6197,4,545,99.0826,99.0826,0.0000
scene-1094_001,-35.5210,0.1132,0.6453,4,521,100.0000,100.0000,0.0000
scene-1094_002,-35.4370,0.4741,1.3120,6,562,94.6619,94.6619,0.0000
scene-1094_003,-34.7190,0.4716,2.7679,5,519,98.0732,98.0732,0.0000
scene-1094_004,-34.5990,0.7082,4.8603,4,493,96.5517,96.5517,0.0000
scene-1094_005,-35.0250,1.1474,6.8911,3,472,100.0000,99.7881,0.2119
scene-1094_006,-34.9180,2.1258,5.7932,4,488,100.0000,100.0000,0.0000
scene-1094_007,-37.6830,2.6391,9.9207,3,489,100.0000,99.7955,0.2045
scene-1094_008,-35.2450,2.5675,11.3636,5,515,100.0000,99.4175,0.5825
scene-1094_009,-35.6310,3.7298,10.5927,4,367,100.0000,97.8202,2.1798
scene-1094_010,-35.0180,7.4298,16.0658,4,202,100.0000,100.0000,0.0000
scene-1094_011,-34.8530,11.5219,19.2134,5,306,100.0000,100.0000,0.0000
scene-1094_012,-35.2760,16.0836,25.9426,6,362,100.0000,99.1713,0.8287
scene-1094_013,-35.2570,19.4922,30.0804,8,475,100.0000,98.7368,1.2632
scene-1094_014,-35.5730,21.2720,32.1580,8,536,100.0000,98.3209,1.6791
scene-1094_015,-35.9950,20.6011,35.9013,6,385,100.0000,95.3247,4.6753
scene-1094_016,-37.0000,9.9553,27.2687,5,141,100.0000,100.0000,0.0000
scene-1094_017,-37.9590,7.4582,25.8433,4,118,100.0000,100.0000,0.0000
scene-1094_018,-37.8420,7.8460,28.8045,3,94,98.9362,96.8085,2.1277
scene-1094_019,-37.7270,9.2050,31.1030,3,78,100.0000,100.0000,0.0000
scene-1094_020,-37.2690,12.1444,34.4494,2,61,100.0000,100.0000,0.0000
scene-1094_021,-36.5820,8.8850,33.6182,2,41,100.0000,100.0000,0.0000
scene-1094_022,-36.4630,8.1940,37.6292,2,49,100.0000,100.0000,0.0000
scene-1094_023,-39.5350,9.4906,36.8213,1,22,100.0000,100.0000,0.0000
scene-1094_024,-34.8890,9.3853,35.0074,2,32,100.0000,100.0000,0.0000
scene-1094_025,-34.7660,9.4715,37.8452,2,47,100.0000,97.8723,2.1277
scene-1094_026,-34.6260,9.6342,37.0859,1,30,100.0000,100.0000,0.0000
scene-1094_027,-35.0950,10.1188,41.8492,3,62,98.3871,100.0000,-1.6129
scene-1094_028,-35.5020,8.8852,39.8766,1,37,100.0000,97.2973,2.7027
scene-1094_029,-35.4400,9.6270,38.8694,2,36,100.0000,100.0000,0.0000
scene-1094_030,-35.2450,9.9964,40.2813,2,73,100.0000,93.1507,6.8493
scene-1094_031,-35.1120,10.4159,40.4317,1,44,100.0000,100.0000,0.0000
scene-1094_032,-35.5430,12.0926,41.8554,1,108,100.0000,100.0000,0.0000
scene-1094_033,-35.9940,12.8533,44.4291,1,18,94.4444,94.4444,0.0000
scene-1094_034,-35.8600,14.8418,49.3758,1,13,100.0000,100.0000,0.0000
scene-1094_035,-35.4230,12.7940,52.2651,0,0,,,
scene-1094_036,-35.6140,14.7723,55.4405,1,17,100.0000,100.0000,0.0000
scene-1094_037,-36.0270,13.7544,51.7290,0,0,,,
scene-1094_038,-35.9010,15.6864,55.9457,2,56,100.0000,98.2143,1.7857
scene-1094_039,-35.2280,13.6131,58.8335,2,21,100.0000,100.0000,0.0000
